name,language,stars,forks,engagement
freeCodeCamp,JavaScript,326065,26086,352151
996.ICU,Rust,257895,21342,279237
vue,JavaScript,185599,29607,215206
react,JavaScript,171294,34648,205942
awesome,Shell,165548,21141,186689
tensorflow,C++,157365,85108,242473
bootstrap,JavaScript,151775,73981,225756
public-apis,Python,138384,16383,154767
system-design-primer,Python,138261,25291,163552
CS-Notes,Java,134809,43285,178094
ohmyzsh,Shell,130394,22389,152783
flutter,Dart,124542,17899,142441
vscode,TypeScript,118624,19375,137999
linux,C,114812,37919,152731
javascript-algorithms,JavaScript,113931,18747,132678
javascript,JavaScript,111835,21431,133266
Python,Python,111645,30640,142285
JavaGuide,Java,107379,36867,144246
Python-100-Days,Python,105828,41982,147810
awesome-python,Python,100469,19463,119932
youtube-dl,Python,97570,5444,103014
d3,JavaScript,97543,22724,120267
react-native,JavaScript,96670,21015,117685
electron,C++,94376,12488,106864
create-react-app,JavaScript,89011,22341,111352
go,Go,87756,12863,100619
axios,JavaScript,85773,8410,94183
30-seconds-of-code,JavaScript,80440,8630,89070
node,JavaScript,80390,20699,101089
kubernetes,Go,78973,28748,107721
deno,Rust,76616,4038,80654
angular,TypeScript,74641,19559,94200
ant-design,TypeScript,73098,29062,102160
TypeScript,TypeScript,72793,9517,82310
three.js,JavaScript,72742,28474,101216
puppeteer,TypeScript,72049,7581,79630
animate.css,CSS,71513,15718,87231
models,Python,70564,44492,115056
next.js,JavaScript,70481,13439,83920
material-ui,JavaScript,69665,22904,92569
vue-element-admin,Vue,69206,24912,94118
java-design-patterns,Java,68846,21461,90307
nodebestpractices,JavaScript,68736,6850,75586
laravel,PHP,65893,21142,87035
Font-Awesome,JavaScript,65802,11485,77287
awesome-go,Go,65794,8644,74438
LeetCodeAnimation,Java,65586,12545,78131
storybook,TypeScript,63312,6339,69651
thefuck,Python,62958,2950,65908
moby,Go,60641,17526,78167
awesome-selfhosted,JavaScript,60356,4627,64983
angular.js,JavaScript,59609,28481,88090
realworld,Shell,59184,5339,64523
webpack,JavaScript,58666,7851,66517
django,Python,58493,24998,83491
PowerToys,C#,57157,3122,60279
FiraCode,Clojure,57074,2576,59650
rust,Rust,56782,8042,64824
reveal.js,JavaScript,56743,15655,72398
swift,C++,56568,9089,65657
redux,TypeScript,56276,14749,71025
spring-boot,Java,56209,34038,90247
flask,Python,56010,14432,70442
atom,JavaScript,55730,16245,71975
elasticsearch,Java,55681,20208,75889
bitcoin,C++,55592,29379,84971
tech-interview-handbook,JavaScript,55513,7823,63336
opencv,C++,55470,46654,102124
advanced-java,Java,55240,15264,70504
netdata,C,55201,4960,60161
json-server,JavaScript,55128,5295,60423
jquery,JavaScript,55088,20023,75111
Chart.js,JavaScript,54200,11025,65225
clean-code-javascript,JavaScript,54118,6765,60883
express,JavaScript,53704,9066,62770
interviews,Java,53017,11239,64256
hugo,Go,52888,6022,58910
shadowsocks-windows,C#,52557,16051,68608
markdown-here,JavaScript,52423,9960,62383
keras,Python,51891,18738,70629
scrcpy,C,51780,5357,57137
httpie,Python,51379,3328,54707
Apollo-11,Assembly,51101,6651,57752
mall,Java,50903,21808,72711
html5-boilerplate,JavaScript,50901,11655,62556
gatsby,JavaScript,50785,9719,60504
ProgrammingAssignment2,R,698,138589,139287
Spoon-Knife,HTML,10516,118676,129192
tensorflow,C++,157365,85108,242473
SmartThingsPublic,Groovy,2080,83827,85907
bootstrap,JavaScript,151775,73981,225756
Complete-Python-3-Bootcamp,Jupyter Notebook,16517,57680,74197
cgm-remote-monitor,JavaScript,1507,55049,56556
opencv,C++,55470,46654,102124
models,Python,70564,44492,115056
CS-Notes,Java,134809,43285,178094
Python-100-Days,Python,105828,41982,147810
linux,C,114812,37919,152731
react,JavaScript,171294,34648,205942
patchwork,HTML,1001,33105,34106
jekyll-now,CSS,7420,31794,39214
courses,HTML,3790,30855,34645
Python,Python,111645,30640,142285
spring-framework,Java,43527,30463,73990
vue,JavaScript,185599,29607,215206
ant-design,TypeScript,73098,29062,102160
kubernetes,Go,78973,28748,107721
angular.js,JavaScript,59609,28481,88090
three.js,JavaScript,72742,28474,101216
freeCodeCamp,JavaScript,326065,26086,352151
system-design-primer,Python,138261,25291,163552
DefinitelyTyped,TypeScript,34796,25129,59925
django,Python,58493,24998,83491
vue-element-admin,Vue,69206,24912,94118
spark,Scala,30329,24193,54522
dubbo,Java,35769,23829,59598
material-ui,JavaScript,69665,22904,92569
d3,JavaScript,97543,22724,120267
ohmyzsh,Shell,130394,22389,152783
create-react-app,JavaScript,89011,22341,111352
AspNetCore.Docs,C#,9466,22207,31673
git,C,38646,21817,60463
mall,Java,50903,21808,72711
scikit-learn,Python,46415,21655,68070
java-design-patterns,Java,68846,21461,90307
javascript,JavaScript,111835,21431,133266
996.ICU,Rust,257895,21342,279237
awesome,Shell,165548,21141,186689
react-native,JavaScript,96670,21015,117685
docs,JavaScript,4891,20929,25820
ansible,Python,49022,20817,69839
node,JavaScript,80390,20699,101089
slate,SCSS,32852,20574,53426
qmk_firmware,C,10023,20483,30506
jquery,JavaScript,55088,20023,75111
shadowsocks,Python,33038,19552,52590
awesome-python,Python,100469,19463,119932
cpython,Python,38994,19408,58402
vscode,TypeScript,118624,19375,137999
caffe,C++,31773,18848,50621
javascript-algorithms,JavaScript,113931,18747,132678
flutter,Dart,124542,17899,142441
darknet,C,21039,17586,38625
moby,Go,60641,17526,78167
DO180-apps,JavaScript,93,17224,17317
charts,Go,15165,16818,31983
SecLists,PHP,32462,16801,49263
AdminLTE,JavaScript,39028,16602,55630
game-of-life,HTML,1928,16334,18262
shadowsocks-windows,C#,52557,16051,68608
2048,CSS,10903,15771,26674
animate.css,CSS,71513,15718,87231
reveal.js,JavaScript,56743,15655,72398
mslearn-tailspin-spacegame-web,HTML,65,15765,15830
simple-java-maven-app,Java,232,15447,15679
minimal-mistakes,HTML,8205,15376,23581
advanced-java,Java,55240,15264,70504
course-collaboration-travel-plans,CSS,1031,15240,16271
starter-web,ApacheConf,278,15234,15512
TensorFlow-Examples,Jupyter Notebook,40886,15034,55920
redux,TypeScript,56276,14749,71025
odoo,JavaScript,21824,14597,36421
Marlin,C++,11479,14598,26077
academicpages.github.io,JavaScript,4391,14506,18897
lede,C,16960,14469,31429
core,Python,44481,14465,58946
flask,Python,56010,14432,70442
code_snippets,Jupyter Notebook,7406,14397,21803
DeepLearning-500-questions,JavaScript,44908,14061,58969
learning-area,HTML,4002,14044,18046
todomvc,JavaScript,27434,13897,41331
prework-about-me,CSS,45,13670,13715
open-source-flash,ActionScript,7352,138,7490
VVVVVV,ActionScript,6205,502,6707
webcamjs,ActionScript,2327,1058,3385
Starling-Framework,ActionScript,2299,849,3148
as3corelib,ActionScript,1484,462,1946
scratch-flash,ActionScript,1311,524,1835
mapgen2,ActionScript,1205,204,1409
flixel,ActionScript,1116,202,1318
as3-signals,ActionScript,1056,209,1265
robotlegs-framework,ActionScript,968,268,1236
feathersui-starling,ActionScript,931,396,1327
bfxr,ActionScript,814,79,893
flashls,ActionScript,765,277,1042
away3d-core-fp11,ActionScript,645,283,928
minimalcomps,ActionScript,630,182,812
malware-samples,ActionScript,594,151,745
juicy-breakout,ActionScript,577,120,697
Citrus-Engine,ActionScript,549,246,795
Fanvas,ActionScript,529,196,725
as3swf,ActionScript,525,128,653
jQuery-webcam,ActionScript,520,279,799
emulator,ActionScript,504,237,741
Ash,ActionScript,440,95,535
boscaceoil,ActionScript,431,57,488
GreenSock-AS3,ActionScript,401,145,546
flump,ActionScript,386,69,455
VirtualCockroach,ActionScript,380,36,416
FlashPunk,ActionScript,378,142,520
Weave,ActionScript,370,73,443
Alternativa3D,ActionScript,367,118,485
wck,ActionScript,360,59,419
Gestouch,ActionScript,358,81,439
AS3Libs,ActionScript,353,46,399
restfulx_framework,ActionScript,333,63,396
chess_server,ActionScript,327,162,489
nd2d,ActionScript,324,60,384
Zoe,ActionScript,322,105,427
flex-sdk,ActionScript,321,142,463
Starling-Extension-Particle-System,ActionScript,319,148,467
royale-asjs,ActionScript,317,108,425
Flare,ActionScript,307,70,377
mBlock,ActionScript,296,223,519
Starling-Extension-Graphics,ActionScript,287,90,377
Anodyne-1-Repo,ActionScript,284,29,313
SwiftSuspenders,ActionScript,279,84,363
glassesfactory,ActionScript,277,25,302
flash,ActionScript,276,180,456
Spike,ActionScript,275,197,472
BulkLoader,ActionScript,273,58,331
as3-utils,ActionScript,272,63,335
flexunit,ActionScript,270,89,359
Flint,ActionScript,264,57,321
DragonBonesAS,ActionScript,249,118,367
AS3WebSocket,ActionScript,245,96,341
FlashWavRecorder,ActionScript,243,107,350
Flixel-Power-Tools,ActionScript,243,45,288
SWFWire,ActionScript,241,96,337
as3httpclient,ActionScript,241,75,316
Papervision3D,ActionScript,237,53,290
swiz-framework,ActionScript,230,47,277
skyui,ActionScript,219,139,358
MMORPG,ActionScript,212,100,312
Starling-Filters,ActionScript,209,51,260
FlashSocket.IO,ActionScript,209,73,282
GrindPlayer,ActionScript,208,64,272
flexlib,ActionScript,208,96,304
LotteryPrediction,ActionScript,206,109,315
Flashbang,ActionScript,200,58,258
grapefrukt-export,ActionScript,198,28,226
glitch-avatars,ActionScript,197,98,295
FileReader,ActionScript,192,59,251
osmf-hls-plugin,ActionScript,185,97,282
hamcrest-as3,ActionScript,180,25,205
fzip,ActionScript,180,60,240
ArcusNode,ActionScript,176,39,215
kingdom,ActionScript,175,55,230
avmplus,ActionScript,175,92,267
GPUImage,ActionScript,174,30,204
WebViewANE,ActionScript,171,45,216
promise-as3,ActionScript,169,53,222
Hungry-Hero,ActionScript,168,103,271
glitch-items,ActionScript,167,96,263
glitch-client,ActionScript,167,95,262
rtmp-streamer,ActionScript,164,46,210
standingwave3,ActionScript,163,25,188
ovmeet,ActionScript,158,92,250
Unlight,ActionScript,158,69,227
django-filebrowser-no-grappelli,ActionScript,152,116,268
signals-extensions-CommandSignal,ActionScript,151,48,199
red-rogue,ActionScript,149,13,162
mockolate,ActionScript,148,28,176
DesignPanel,ActionScript,147,76,223
AutoAni,ActionScript,146,35,181
StarlingPunk,ActionScript,146,29,175
avmplus,ActionScript,145,62,207
as3delaunay,ActionScript,144,96,240
SoundAS,ActionScript,142,43,185
purePDF,ActionScript,139,63,202
locomote-video-player,ActionScript,137,83,220
arcgis-viewer-flex,ActionScript,135,153,288
linux,C,114812,37919,152731
netdata,C,55201,4960,60161
scrcpy,C,51780,5357,57137
redis,C,50035,19584,69619
git,C,38646,21817,60463
php-src,C,30969,6734,37703
obs-studio,C,29886,5022,34908
wrk,C,29678,2432,32110
ijkplayer,C,29101,7552,36653
FFmpeg,C,25390,8494,33884
the_silver_searcher,C,22250,1281,23531
tmux,C,21860,1517,23377
zju-icicles,C,21854,6598,28452
os-tutorial,C,21268,2585,23853
curl,C,21248,4529,25777
darknet,C,21039,17586,38625
emscripten,C,20885,2598,23483
The-Art-Of-Programming-By-July,C,19900,7099,26999
jq,C,19766,1176,20942
How-to-Make-a-Computer-Operating-System,C,19484,3352,22836
Ventoy,C,18990,1470,20460
HarmonyOS,C,18121,3300,21421
libuv,C,17744,2865,20609
lede,C,16960,14469,31429
stb,C,16122,5610,21732
openssl,C,16046,7038,23084
TDengine,C,15594,3941,19535
masscan,C,15550,2445,17995
Tasmota,C,15495,3424,18919
mpv,C,15435,1957,17392
rufus,C,15286,1580,16866
zstd,C,15125,1404,16529
radare2,C,14617,2491,17108
nginx,C,14320,5241,19561
mimikatz,C,13523,2680,16203
goaccess,C,13431,907,14338
nuklear,C,13297,1110,14407
micropython,C,12753,4535,17288
ncnn,C,12105,2962,15067
bcc,C,12092,2299,14391
nnn,C,11801,471,12272
timescaledb,C,11336,599,11935
memcached,C,11087,2971,14058
nginx-rtmp-module,C,11079,3157,14236
Mailspring,C,11031,718,11749
tengine,C,10905,2358,13263
twemproxy,C,10766,1917,12683
raspberry-pi-os,C,10400,963,11363
skynet,C,10390,3644,14034
robotjs,C,10287,742,11029
brotli,C,10179,957,11136
hashcat,C,10150,1735,11885
tig,C,10143,565,10708
ish,C,10026,545,10571
qmk_firmware,C,10023,20483,30506
libui,C,9940,589,10529
kcp,C,9875,1939,11814
C,C,9753,2598,12351
openresty,C,9660,1292,10952
reactos,C,9564,1137,10701
h2o,C,9537,750,10287
lua-nginx-module,C,9394,1862,11256
libsodium,C,9366,1462,10828
blurhash,C,9238,205,9443
sway,C,9092,777,9869
openwrt,C,9071,5941,15012
wcdb,C,9049,1200,10249
darwin-xnu,C,9041,1417,10458
phpredis,C,9033,2067,11100
seafile,C,8765,1331,10096
esp8266_deauther,C,8698,1915,10613
Craft,C,8678,1131,9809
toxcore,C,8650,1267,9917
torch7,C,8629,2377,11006
postgres,C,8618,2795,11413
webview,C,8567,654,9221
japronto,C,8458,580,9038
systemd,C,8182,2604,10786
SoftEtherVPN,C,8142,2068,10210
linux,C,8115,3834,11949
HandBrake,C,8048,822,8870
libgit2,C,7963,2086,10049
glfw,C,7832,2910,10742
disque,C,7794,538,8332
vlc,C,7782,2730,10512
upx,C,7751,845,8596
libevent,C,7670,2799,10469
redis-3.0-annotated,C,7650,3479,11129
rofi,C,7634,399,8033
react-native-code-push,C,7632,1193,8825
OpenCorePkg,C,7629,1331,8960
fastdfs,C,7475,1803,9278
borg,C,7395,569,7964
yabai,C,7312,280,7592
BGAQRCode-Android,C,7312,1691,9003
darling,C,7312,311,7623
mongoose,C,7300,2097,9397
proxychains-ng,C,7203,918,8121
c4,C,7180,1182,8362
DOOM,C,7137,1303,8440
PowerToys,C#,57157,3122,60279
shadowsocks-windows,C#,52557,16051,68608
PowerShell,C#,27738,4370,32108
aspnetcore,C#,25011,6561,31572
CodeHub,C#,23318,638,23956
v2rayN,C#,21307,4569,25876
Wox,C#,20421,2194,22615
dnSpy,C#,18523,3334,21857
eShopOnContainers,C#,18085,7648,25733
ShareX,C#,16563,2183,18746
WaveFunctionCollapse,C#,16315,842,17157
ScreenToGif,C#,14870,1611,16481
awesome-dotnet-core,C#,14835,2318,17153
roslyn,C#,14653,3352,18005
Dapper,C#,13907,3379,17286
ILSpy,C#,13028,2531,15559
Avalonia,C#,11585,1043,12628
ml-agents,C#,11344,3047,14391
Files,C#,11245,599,11844
jellyfin,C#,11141,1133,12274
MaterialDesignInXamlToolkit,C#,11001,2700,13701
maui,C#,10607,433,11040
RevokeMsgPatcher,C#,10446,1408,11854
efcore,C#,10380,2573,12953
aspnetboilerplate,C#,9685,3448,13133
AspNetCore.Docs,C#,9466,22207,31673
OpenRA,C#,9443,2252,11695
Polly,C#,9392,889,10281
ip2region,C#,9379,1693,11072
mono,C#,9375,3574,12949
Ryujinx,C#,9235,1099,10334
QuickLook,C#,9159,718,9877
netch,C#,9013,1423,10436
Newtonsoft.Json,C#,8657,2871,11528
SignalR,C#,8387,2262,10649
AutoMapper,C#,8134,1624,9758
IdentityServer4,C#,8080,3051,11131
CefSharp,C#,8079,2646,10725
server,C#,7987,691,8678
UnityCsReference,C#,7980,1731,9711
FluentTerminal,C#,7948,414,8362
RestSharp,C#,7917,2139,10056
MahApps.Metro,C#,7779,2324,10103
orleans,C#,7669,1706,9375
MonoGame,C#,7602,2488,10090
machinelearning,C#,7576,1633,9209
choco,C#,7566,749,8315
osu,C#,7435,1279,8714
csharplang,C#,7227,780,8007
CleanArchitecture,C#,7203,1354,8557
Nancy,C#,7140,1511,8651
WeiXinMPSDK,C#,6882,4106,10988
Hangfire,C#,6803,1423,8226
ArchiSteamFarm,C#,6763,811,7574
BenchmarkDotNet,C#,6655,678,7333
MediatR,C#,6643,849,7492
ailab,C#,6635,1227,7862
runtime,C#,6523,2187,8710
Sonarr,C#,6466,940,7406
FluentValidation,C#,6442,994,7436
nopCommerce,C#,6393,3675,10068
abp,C#,6391,2020,8411
ReactiveUI,C#,6376,1034,7410
Ocelot,C#,6341,1332,7673
duplicati,C#,6290,666,6956
eShopOnWeb,C#,6236,2955,9191
AssetStudio,C#,6231,1115,7346
Captura,C#,6200,1127,7327
Locale-Emulator,C#,6131,554,6685
blockchain,C#,6117,2341,8458
Jackett,C#,6078,808,6886
Humanizer,C#,6059,783,6842
CleanArchitecture,C#,5951,1315,7266
winsw,C#,5880,970,6850
LiteDB,C#,5840,891,6731
Electron.NET,C#,5811,564,6375
privilege-escalation-awesome-scripts-suite,C#,5801,1406,7207
practical-aspnetcore,C#,5737,728,6465
Mvc,C#,5733,2233,7966
gitextensions,C#,5723,1722,7445
modular-monolith-with-ddd,C#,5527,777,6304
mRemoteNG,C#,5476,968,6444
docker-lambda,C#,5475,412,5887
VFSForGit,C#,5470,430,5900
gui.cs,C#,5467,436,5903
CMWTAT_Digital_Edition,C#,5410,862,6272
Xamarin.Forms,C#,5353,1883,7236
Radarr,C#,5268,661,5929
de4dot,C#,5218,1837,7055
wpf,C#,5205,735,5940
UniRx,C#,5203,731,5934
Lean,C#,5180,2281,7461
N_m3u8DL-CLI,C#,5168,961,6129
OrchardCore,C#,5167,1780,6947
refit,C#,5143,564,5707
Entitas-CSharp,C#,5142,953,6095
NLog,C#,5109,1246,6355
uno,C#,5011,419,5430
reactive,C#,5007,612,5619
ServiceStack,C#,4918,1589,6507
tensorflow,C++,157365,85108,242473
electron,C++,94376,12488,106864
terminal,C++,75415,6751,82166
swift,C++,56568,9089,65657
bitcoin,C++,55592,29379,84971
opencv,C++,55470,46654,102124
pytorch,C++,49456,13403,62859
protobuf,C++,48995,12940,61935
tesseract,C++,40699,7379,48078
godot,C++,40200,7370,47570
x64dbg,C++,37016,1641,38657
caffe,C++,31773,18848,50621
grpc,C++,30934,8066,39000
imgui,C++,30561,5133,35694
phantomjs,C++,28432,5795,34227
openpilot,C++,26006,5230,31236
leveldb,C++,25782,5747,31529
json,C++,25193,4355,29548
rethinkdb,C++,24797,1822,26619
aria2,C++,23225,2736,25961
googletest,C++,22947,7671,30618
cmder,C++,22678,1863,24541
calculator,C++,22346,3957,26303
openpose,C++,21362,6434,27796
xgboost,C++,21288,8065,29353
rocksdb,C++,20254,4537,24791
mongo,C++,20071,4864,24935
incubator-mxnet,C++,19552,6860,26412
interview,C++,19388,5508,24896
Magisk,C++,19053,3741,22794
apollo,C++,18787,7401,26188
RedisDesktopManager,C++,18569,2970,21539
folly,C++,18505,4134,22639
osquery,C++,18076,2179,20255
v8,C++,17899,3387,21286
ClickHouse,C++,17725,3510,21235
DeepSpeech,C++,17687,3218,20905
weex,C++,17638,2145,19783
envoy,C++,17297,3166,20463
CNTK,C++,17048,4399,21447
hhvm,C++,17006,2951,19957
swoole-src,C++,16958,3145,20103
flatbuffers,C++,16495,2571,19066
tdesktop,C++,15975,3455,19430
mars,C++,15577,3242,18819
vnpy,C++,15478,6469,21947
cocos2d-x,C++,15314,6949,22263
sqlitebrowser,C++,15102,1702,16804
yuzu,C++,15072,1313,16385
srs,C++,15043,3923,18966
CnC_Remastered_Collection,C++,14996,4028,19024
taichi,C++,14993,1571,16564
leetcode,C++,14987,4458,19445
trojan,C++,14621,2643,17264
yoga,C++,14476,1200,15676
winget-cli,C++,14342,659,15001
faiss,C++,14068,2277,16345
modern-cpp-tutorial,C++,14059,1750,15809
incubator-weex,C++,14026,1863,15889
serenity,C++,14023,1395,15418
Proton,C++,14009,581,14590
notepad-plus-plus,C++,13810,3237,17047
Catch2,C++,13728,2321,16049
react-native-windows,C++,13688,1023,14711
CPlusPlusThings,C++,13568,3246,16814
simdjson,C++,13525,695,14220
flameshot,C++,13442,832,14274
C-Plus-Plus,C++,13438,3809,17247
aseprite,C++,13209,1179,14388
Karabiner-Elements,C++,13107,710,13817
Arduino,C++,13068,11246,24314
mediapipe,C++,12992,2585,15577
MMKV,C++,12935,1437,14372
uWebSockets,C++,12828,1364,14192
LightGBM,C++,12727,3314,16041
cosmos,C++,12640,3212,15852
xbmc,C++,12618,5720,18338
guetzli,C++,12573,1003,13576
TrafficMonitor,C++,12563,1515,14078
qBittorrent,C++,12450,2220,14670
dogecoin,C++,12284,2212,14496
libphonenumber,C++,12251,1649,13900
incubator-brpc,C++,12117,3012,15129
spdlog,C++,12050,2549,14599
AirSim,C++,11911,3305,15216
Sourcetrail,C++,11617,756,12373
fmt,C++,11579,1403,12982
Marlin,C++,11479,14598,26077
tink,C++,11448,977,12425
solidity,C++,11306,2892,14198
wkhtmltopdf,C++,11280,1473,12753
filament,C++,11278,1039,12317
Qv2ray,C++,11264,1853,13117
eos,C++,11232,3633,14865
rapidjson,C++,11057,2922,13979
onnx,C++,10946,2020,12966
tinyrenderer,C++,10905,1000,11905
ImHex,C++,10732,528,11260
3d-game-shaders-for-beginners,C++,10720,767,11487
keepassxc,C++,10672,870,11542
FiraCode,Clojure,57074,2576,59650
metabase,Clojure,25315,3412,28727
LightTable,Clojure,11605,941,12546
clojurescript,Clojure,8700,758,9458
leiningen,Clojure,7059,1613,8672
om,Clojure,6679,377,7056
jepsen,Clojure,5300,608,5908
overtone,Clojure,5184,437,5621
re-frame,Clojure,4848,673,5521
logseq,Clojure,4805,278,5083
athens,Clojure,4775,280,5055
penpot,Clojure,4526,226,4752
reagent,Clojure,4254,384,4638
datascript,Clojure,4217,269,4486
riemann,Clojure,4050,528,4578
compojure,Clojure,3889,257,4146
icepick,Clojure,3808,219,4027
clojure-koans,Clojure,3463,2007,5470
mori,Clojure,3337,150,3487
ring,Clojure,3311,481,3792
status-react,Clojure,3171,813,3984
modern-cljs,Clojure,2890,307,3197
lein-figwheel,Clojure,2861,217,3078
quil,Clojure,2631,153,2784
klipse,Clojure,2603,130,2733
instaparse,Clojure,2434,133,2567
pedestal,Clojure,2398,275,2673
clojure-cookbook,Clojure,2369,425,2794
aleph,Clojure,2360,227,2587
hiccup,Clojure,2278,167,2445
specter,Clojure,2241,88,2329
incanter,Clojure,2189,295,2484
awesome-clojure,Clojure,2179,178,2357
schema,Clojure,2144,248,2392
swarmpit,Clojure,2116,206,2322
babashka,Clojure,2077,127,2204
onyx,Clojure,1994,212,2206
component,Clojure,1882,94,1976
lumo,Clojure,1836,91,1927
core.async,Clojure,1798,197,1995
asciinema-player,Clojure,1772,194,1966
transit-format,Clojure,1760,35,1795
code-maat,Clojure,1749,182,1931
boot,Clojure,1713,174,1887
kibit,Clojure,1669,129,1798
shadow-cljs,Clojure,1658,127,1785
Midje,Clojure,1609,128,1737
sente,Clojure,1598,174,1772
clj-http,Clojure,1587,381,1968
lacinia,Clojure,1576,113,1689
Arcadia,Clojure,1563,104,1667
enlive,Clojure,1548,147,1695
closh,Clojure,1525,58,1583
drake,Clojure,1461,110,1571
Korma,Clojure,1460,235,1695
devcards,Clojure,1448,105,1553
crux,Clojure,1403,92,1495
konstellate,Clojure,1401,74,1475
plumbing,Clojure,1399,110,1509
Nightcode,Clojure,1398,122,1520
auto-parcel,Clojure,1390,87,1477
yesql,Clojure,1386,113,1499
cascalog,Clojure,1367,181,1548
seesaw,Clojure,1363,140,1503
honeysql,Clojure,1333,130,1463
duckling_old,Clojure,1328,228,1556
cheshire,Clojure,1322,137,1459
chestnut,Clojure,1314,97,1411
core.logic,Clojure,1309,110,1419
timbre,Clojure,1274,148,1422
cortex,Clojure,1234,110,1344
liberator,Clojure,1227,134,1361
lux,Clojure,1224,45,1269
core.typed,Clojure,1220,74,1294
ultra,Clojure,1219,32,1251
datahike,Clojure,1206,64,1270
garden,Clojure,1199,68,1267
clj-kondo,Clojure,1182,168,1350
friend,Clojure,1167,125,1292
frontend,Clojure,1152,228,1380
fulcro,Clojure,1127,101,1228
hitchhiker-tree,Clojure,1104,80,1184
frak,Clojure,1100,39,1139
mount,Clojure,1070,74,1144
compojure-api,Clojure,1064,144,1208
lein-cljsbuild,Clojure,1064,158,1222
core.match,Clojure,1039,59,1098
clara-rules,Clojure,1031,105,1136
test.check,Clojure,1029,109,1138
criterium,Clojure,1029,50,1079
4clojure,Clojure,1024,222,1246
eastwood,Clojure,1018,67,1085
duct,Clojure,1017,47,1064
carmine,Clojure,1010,114,1124
cljs-devtools,Clojure,985,47,1032
reitit,Clojure,956,166,1122
hoplon,Clojure,955,66,1021
bidi,Clojure,944,90,1034
play-clj,Clojure,936,76,1012
neanderthal,Clojure,935,50,985
SwitchyOmega,CoffeeScript,16970,2764,19734
mojs,CoffeeScript,16867,905,17772
trix,CoffeeScript,16280,936,17216
coffeescript,CoffeeScript,15913,2013,17926
zxcvbn,CoffeeScript,12162,838,13000
chinese-copywriting-guidelines,CoffeeScript,9817,1474,11291
codecombat,CoffeeScript,7416,3898,11314
dynamics.js,CoffeeScript,7348,412,7760
morris.js,CoffeeScript,6968,1268,8236
At.js,CoffeeScript,5286,714,6000
aglio,CoffeeScript,4611,485,5096
vibrant.js,CoffeeScript,4569,229,4798
bootstrap-tour,CoffeeScript,4386,948,5334
node-xml2js,CoffeeScript,4312,512,4824
yakyak,CoffeeScript,3860,360,4220
pivottable,CoffeeScript,3719,949,4668
jquery.payment,CoffeeScript,3595,712,4307
turbolinks-classic,CoffeeScript,3579,438,4017
activate-power-mode,CoffeeScript,3559,424,3983
hubot-scripts,CoffeeScript,3537,1957,5494
wintersmith,CoffeeScript,3505,344,3849
taiga-front,CoffeeScript,3503,782,4285
pow,CoffeeScript,3445,267,3712
dispatch-proxy,CoffeeScript,3291,230,3521
Keypress,CoffeeScript,3191,320,3511
pagedraw,CoffeeScript,3039,391,3430
docpad,CoffeeScript,3034,251,3285
sticky-kit,CoffeeScript,2963,555,3518
chaplin,CoffeeScript,2891,244,3135
engine,CoffeeScript,2876,128,3004
butterfly,CoffeeScript,2809,312,3121
talk-os,CoffeeScript,2762,837,3599
angular-google-maps,CoffeeScript,2568,1063,3631
hallo,CoffeeScript,2459,334,2793
cloudtunes,CoffeeScript,2439,246,2685
oriDomi,CoffeeScript,2385,207,2592
hubot-slack,CoffeeScript,2255,652,2907
psd.js,CoffeeScript,2100,326,2426
QuoJS,CoffeeScript,2092,250,2342
js2coffee,CoffeeScript,2080,212,2292
shadowsocks-gui,CoffeeScript,2023,1257,3280
CoffeeScriptRedux,CoffeeScript,1846,120,1966
ng-token-auth,CoffeeScript,1837,250,2087
BuckyClient,CoffeeScript,1762,99,1861
slidesjs,CoffeeScript,1751,377,2128
eco,CoffeeScript,1737,71,1808
vim-mode,CoffeeScript,1731,267,1998
dnschain,CoffeeScript,1703,168,1871
jquery.shapeshift,CoffeeScript,1694,323,2017
local_time,CoffeeScript,1653,109,1762
camo,CoffeeScript,1621,346,1967
please-wait,CoffeeScript,1601,160,1761
cyclotron,CoffeeScript,1542,113,1655
squel,CoffeeScript,1539,228,1767
kartograph.js,CoffeeScript,1528,238,1766
node-cache,CoffeeScript,1495,111,1606
caniuse-cmd,CoffeeScript,1491,50,1541
atom-beautify,CoffeeScript,1486,458,1944
roots,CoffeeScript,1465,140,1605
pretty-error,CoffeeScript,1408,42,1450
atom-vim-mode-plus,CoffeeScript,1404,114,1518
gulp-cheatsheet,CoffeeScript,1395,88,1483
VimFx,CoffeeScript,1372,183,1555
repl.it,CoffeeScript,1364,229,1593
atom-simplified-chinese-menu,CoffeeScript,1333,150,1483
qqbot,CoffeeScript,1328,394,1722
cson,CoffeeScript,1281,58,1339
coffeekup,CoffeeScript,1276,90,1366
shadowsocks-nodejs,CoffeeScript,1252,764,2016
tacofancy,CoffeeScript,1236,456,1692
tourist,CoffeeScript,1235,103,1338
mondrian,CoffeeScript,1231,118,1349
apm,CoffeeScript,1222,294,1516
omelette,CoffeeScript,1213,32,1245
greenscreen,CoffeeScript,1203,159,1362
lineman,CoffeeScript,1187,84,1271
aurora.js,CoffeeScript,1181,147,1328
badges,CoffeeScript,1180,804,1984
octonode,CoffeeScript,1143,253,1396
angular-masonry,CoffeeScript,1132,232,1364
git-time-machine,CoffeeScript,1128,45,1173
pushd,CoffeeScript,1108,225,1333
node-slug,CoffeeScript,1093,96,1189
hubble,CoffeeScript,1090,39,1129
coffeelint,CoffeeScript,1083,178,1261
buckets,CoffeeScript,1065,156,1221
stitch,CoffeeScript,1062,80,1142
Coffee-Physics,CoffeeScript,1058,91,1149
literallycanvas,CoffeeScript,1056,315,1371
jquery.turbolinks,CoffeeScript,1027,61,1088
dploy,CoffeeScript,1007,93,1100
node-rtsp-rtmp-server,CoffeeScript,998,269,1267
zappa,CoffeeScript,963,86,1049
muplayer,CoffeeScript,955,234,1189
apparatus,CoffeeScript,950,52,1002
node-neo4j,CoffeeScript,936,137,1073
minimongo,CoffeeScript,933,105,1038
pt,CoffeeScript,911,66,977
webgl-heatmap,CoffeeScript,890,146,1036
xmlbuilder-js,CoffeeScript,865,103,968
animate.css,CSS,71513,15718,87231
normalize.css,CSS,44392,10018,54410
bulma,CSS,43867,3760,47627
freecodecamp.cn,CSS,36611,1380,37991
nerd-fonts,CSS,28903,2193,31096
hangzhou_house_knowledge,CSS,25713,5367,31080
Hover,CSS,24739,5454,30193
the-swift-programming-language-in-chinese,CSS,20202,5142,25344
SpinKit,CSS,18358,1785,20143
Skeleton,CSS,18321,3094,21415
source-code-pro,CSS,17382,1536,18918
hexo-theme-next,CSS,15656,3828,19484
You-Dont-Need-JavaScript,CSS,15567,885,16452
pace,CSS,15302,1949,17251
ratchet,CSS,14468,1509,15977
30-seconds-of-css,CSS,14451,964,15415
tomorrow-theme,CSS,13014,3163,16177
solved-by-flexbox,CSS,12867,1065,13932
Effeckt.css,CSS,11086,1484,12570
2048,CSS,10903,15771,26674
tachyons,CSS,10845,660,11505
spectre,CSS,10818,764,11582
_s,CSS,10346,3094,13440
loaders.css,CSS,9937,1232,11169
material-dashboard,CSS,9778,1388,11166
photon,CSS,9660,569,10229
GitHub-Dark,CSS,9474,654,10128
colors,CSS,8954,545,9499
offline,CSS,8647,894,9541
jupyter-themes,CSS,8579,956,9535
arc-theme,CSS,8332,626,8958
php-the-right-way,CSS,8155,3219,11374
hint.css,CSS,8088,717,8805
css.gg,CSS,7650,353,8003
purecss-francine,CSS,7575,511,8086
icheck,CSS,7488,1683,9171
gridea,CSS,7482,613,8095
jekyll-now,CSS,7420,31794,39214
dejavu,CSS,7382,474,7856
odometer,CSS,7109,704,7813
vex,CSS,6936,512,7448
hexo-theme-next,CSS,6854,1948,8802
DataTables,CSS,6850,2127,8977
compass,CSS,6843,1208,8051
primeng,CSS,6826,3462,10288
machine-learning-yearning-cn,CSS,6782,1435,8217
Metro-UI-CSS,CSS,6776,1997,8773
css-loaders,CSS,6733,1044,7777
json-api,CSS,6654,792,7446
hamburgers,CSS,6387,1614,8001
water.css,CSS,6356,322,6678
sorry,CSS,6196,790,6986
bounce.js,CSS,6155,443,6598
50projects50days,CSS,6076,1509,7585
98.css,CSS,5987,183,6170
weather-icons,CSS,5979,777,6756
easings.net,CSS,5820,552,6372
basscss,CSS,5633,315,5948
material-kit,CSS,5600,634,6234
magic-of-css,CSS,5428,328,5756
blueprint-css,CSS,5389,619,6008
jstutorial,CSS,5365,1336,6701
tabula,CSS,5252,550,5802
popcorn-app,CSS,5220,1782,7002
mvvm,CSS,4953,1252,6205
north,CSS,4924,293,5217
balloon.css,CSS,4802,475,5277
public-pentesting-reports,CSS,4725,1248,5973
wysiwyg-editor,CSS,4665,618,5283
Fira,CSS,4658,317,4975
synthwave-vscode,CSS,4566,1126,5692
nord,CSS,4516,131,4647
sanitize.css,CSS,4503,302,4805
plt,CSS,4486,304,4790
most-frequent-technology-english-words,CSS,4471,321,4792
retinajs,CSS,4469,658,5127
smoothState.js,CSS,4456,532,4988
simpsons-in-css,CSS,4436,621,5057
csshake,CSS,4417,624,5041
progit2,CSS,4318,1776,6094
sklearn-doc-zh,CSS,4299,1361,5660
css-animation-101,CSS,4213,207,4420
helios,CSS,4166,349,4515
awesome-django,CSS,4158,719,4877
awesome-css-frameworks,CSS,4114,305,4419
tailwind-starter-kit,CSS,4007,535,4542
hexo-theme-material,CSS,3997,581,4578
assemble,CSS,3956,283,4239
inuit.css,CSS,3892,438,4330
cssnano,CSS,3866,289,4155
megaboilerplate,CSS,3839,281,4120
vscode-docs,CSS,3826,3197,7023
instagram.css,CSS,3819,231,4050
AlgoWiki,CSS,3806,1050,4856
animsition,CSS,3806,814,4620
abrash-black-book,CSS,3802,285,4087
mononoki,CSS,3740,167,3907
960-Grid-System,CSS,3735,532,4267
Flatabulous,CSS,3730,260,3990
html5-device-mockups,CSS,3576,406,3982
go,Go,87756,12863,100619
kubernetes,Go,78973,28748,107721
awesome-go,Go,65794,8644,74438
moby,Go,60641,17526,78167
hugo,Go,52888,6022,58910
gin,Go,49494,5614,55108
frp,Go,46760,8684,55444
syncthing,Go,39207,3122,42329
build-web-application-with-golang,Go,38114,10134,48248
fzf,Go,37820,1636,39456
v2ray-core,Go,37679,8201,45880
prometheus,Go,37613,6145,43758
gogs,Go,37331,4343,41674
etcd,Go,36534,7812,44346
traefik,Go,34325,3783,38108
caddy,Go,33950,2738,36688
go-ethereum,Go,31408,11510,42918
mkcert,Go,30892,1394,32286
minio,Go,28445,3121,31566
tidb,Go,28368,4475,32843
rclone,Go,27945,2460,30405
terraform,Go,27872,6758,34630
istio,Go,27431,5517,32948
dive,Go,26774,1017,27791
beego,Go,26644,5244,31888
the-way-to-go_ZH_CN,Go,26343,7216,33559
esbuild,Go,25772,591,26363
gitea,Go,25404,3147,28551
gorm,Go,24436,2789,27225
cli,Go,24011,2514,26525
drone,Go,23519,2299,25818
consul,Go,22504,3776,26280
cobra,Go,22334,1881,24215
influxdb,Go,21756,2979,24735
vault,Go,21431,2974,24405
minikube,Go,21295,3594,24889
hub,Go,21038,2210,23248
cockroach,Go,20878,2762,23640
iris,Go,20868,2268,23136
kit,Go,20645,2140,22785
mattermost-server,Go,20609,5024,25633
ngrok,Go,20546,3686,24232
lazygit,Go,20427,778,21205
echo,Go,20233,1788,22021
faas,Go,20042,1633,21675
nsq,Go,19929,2583,22512
helm,Go,19873,5726,25599
docker_practice,Go,18972,5021,23993
LeetCode-Go,Go,18952,3383,22335
logrus,Go,18218,1976,20194
lazydocker,Go,17996,693,18689
clash,Go,17740,2462,20202
vegeta,Go,17687,1097,18784
nps,Go,17583,3122,20705
micro,Go,17235,871,18106
k3s,Go,17220,1453,18673
rancher,Go,17168,2269,19437
nvm-windows,Go,16571,1705,18276
delve,Go,16541,1671,18212
dgraph,Go,16334,1186,17520
go-micro,Go,16302,1795,18097
viper,Go,16160,1412,17572
cli,Go,16128,1413,17541
gotty,Go,15567,1180,16747
websocketd,Go,15550,917,16467
go-patterns,Go,15546,1468,17014
fasthttp,Go,15536,1269,16805
photoprism,Go,15431,806,16237
advanced-go-programming-book,Go,15314,2613,17927
harbor,Go,15281,3755,19036
xbar,Go,15226,598,15824
charts,Go,15165,16818,31983
act,Go,15140,411,15551
annie,Go,15066,1795,16861
websocket,Go,15032,2498,17530
mux,Go,14695,1374,16069
learn-go-with-tests,Go,14671,1871,16542
goreplay,Go,14351,1438,15789
ultimate-go,Go,14330,1126,15456
colly,Go,14295,1229,15524
croc,Go,14204,597,14801
fiber,Go,14178,679,14857
grpc-go,Go,14058,3055,17113
dapr,Go,13965,953,14918
cayley,Go,13851,1254,15105
jaeger,Go,13824,1637,15461
testify,Go,13739,1102,14841
kratos,Go,13565,2797,16362
fyne,Go,13503,716,14219
loki,Go,13293,1512,14805
dep,Go,13157,1107,14264
restic,Go,13147,910,14057
kops,Go,13114,4073,17187
zap,Go,13069,987,14056
packer,Go,12980,3148,16128
k6,Go,12909,643,13552
httprouter,Go,12896,1251,14147
k9s,Go,12698,762,13460
wtf,Go,12563,688,13251
kcptun,Go,12498,2420,14918
shellcheck,Haskell,25358,1282,26640
graphql-engine,Haskell,23479,1943,25422
pandoc,Haskell,22962,2699,25661
postgrest,Haskell,17248,792,18040
semantic,Haskell,8077,459,8536
purescript,Haskell,7215,523,7738
compiler,Haskell,6488,571,7059
hadolint,Haskell,5586,242,5828
Carp,Haskell,3983,146,4129
unison,Haskell,3969,190,4159
Haxl,Haskell,3942,307,4249
fp-course,Haskell,3690,1129,4819
cardano-sl,Haskell,3635,607,4242
stack,Haskell,3567,794,4361
duckling,Haskell,3336,633,3969
Idris-dev,Haskell,3304,660,3964
write-you-a-haskell,Haskell,2990,239,3229
Functional-Programming,Haskell,2603,157,2760
ghc,Haskell,2545,650,3195
eta,Haskell,2484,148,2632
ghcjs,Haskell,2445,176,2621
haskell-ide-engine,Haskell,2438,228,2666
awesome-haskell,Haskell,2431,153,2584
yesod,Haskell,2367,360,2727
wire-server,Haskell,2321,311,2632
hakyll,Haskell,2313,393,2706
IHaskell,Haskell,2268,236,2504
wiwinwlh,Haskell,2161,221,2382
corrode,Haskell,2056,108,2164
ihp,Haskell,2035,105,2140
gitit,Haskell,1937,206,2143
xmonad,Haskell,1930,226,2156
miso,Haskell,1836,132,1968
lens,Haskell,1780,239,2019
hledger,Haskell,1779,234,2013
cardano-node,Haskell,1727,312,2039
asterius,Haskell,1695,54,1749
lamdu,Haskell,1689,65,1754
patat,Haskell,1621,45,1666
haskell-language-server,Haskell,1608,155,1763
HLearn,Haskell,1577,135,1712
agda,Haskell,1541,193,1734
zsh-git-prompt,Haskell,1514,368,1882
futhark,Haskell,1505,97,1602
scotty,Haskell,1504,125,1629
koka,Haskell,1503,80,1583
servant,Haskell,1498,334,1832
Simula,Haskell,1478,40,1518
real-world-haskell-cn,Haskell,1434,218,1652
erd,Haskell,1433,116,1549
haste-compiler,Haskell,1422,110,1532
haskell,Haskell,1408,192,1600
yi,Haskell,1376,194,1570
Tidal,Haskell,1365,189,1554
grenade,Haskell,1358,81,1439
taskell,Haskell,1261,44,1305
cabal,Haskell,1259,558,1817
fay,Haskell,1256,86,1342
elm-format,Haskell,1251,135,1386
haskell-trainings,Haskell,1223,94,1317
hlint,Haskell,1185,153,1338
neuron,Haskell,1168,145,1313
codeworld,Haskell,1160,194,1354
wasp,Haskell,1134,36,1170
brick,Haskell,1118,130,1248
aura,Haskell,1062,91,1153
articles,Haskell,1059,83,1142
intero,Haskell,1040,145,1185
haskell-must-watch,Haskell,1033,58,1091
ImplicitCAD,Haskell,1026,134,1160
aeson,Haskell,1017,241,1258
clash-compiler,Haskell,1016,106,1122
HaLVM,Haskell,1010,85,1095
dex-lang,Haskell,1003,68,1071
kit,Haskell,989,29,1018
fp-course,Haskell,974,129,1103
cryptol,Haskell,961,102,1063
toodles,Haskell,961,34,995
ghcid,Haskell,960,94,1054
leksah,Haskell,941,108,1049
kitten,Haskell,931,36,967
reflex,Haskell,929,133,1062
queryparser,Haskell,923,127,1050
radicle-alpha,Haskell,920,33,953
gifcurry,Haskell,895,42,937
kaleidoscope,Haskell,894,122,1016
liquidhaskell,Haskell,885,104,989
wstunnel,Haskell,883,91,974
unused,Haskell,877,26,903
grin,Haskell,871,28,899
polysemy,Haskell,841,59,900
matterhorn,Haskell,836,69,905
software-design-in-haskell,Haskell,814,48,862
egison,Haskell,807,33,840
Haskell-Turtle-Library,Haskell,800,86,886
hasktorch,Haskell,788,82,870
neut,Haskell,783,7,790
stylish-haskell,Haskell,779,121,900
elm-platform,Haskell,775,132,907
accelerate,Haskell,769,96,865
free-for-dev,HTML,48100,5157,53257
material-design-lite,HTML,31812,5214,37026
foundation-sites,HTML,29066,5716,34782
styleguide,HTML,28149,10868,39017
tabler,HTML,23759,2655,26414
fastText,HTML,22757,4367,27124
Coursera-ML-AndrewNg-Notes,HTML,22337,8641,30978
chosen,HTML,22146,4212,26358
polymer,HTML,21635,2025,23660
gentelella,HTML,20206,6726,26932
fastclick,HTML,18600,3291,21891
skrollr,HTML,18509,3584,22093
alpine,HTML,17457,723,18180
REKCARC-TSC-UHT,HTML,17407,4964,22371
uikit,HTML,16985,2290,19275
linux-command,HTML,16297,3661,19958
JavaScript30,HTML,16049,19159,35208
masonry,HTML,15381,2169,17550
AR.js,HTML,15292,2155,17447
zepto,HTML,14920,4086,19006
en.javascript.info,HTML,14459,2746,17205
fonts,HTML,14414,2268,16682
Screenshot-to-code,HTML,13417,1352,14769
youmightnotneedjquery,HTML,13388,502,13890
deeplearning_ai_books,HTML,13358,5018,18376
design-blocks,HTML,13258,1220,14478
awesome-piracy,HTML,12967,1319,14286
twemoji,HTML,12950,1489,14439
dotnet,HTML,12401,1956,14357
ecma262,HTML,12238,1088,13326
WebFundamentals,HTML,12125,2537,14662
remark,HTML,11461,849,12310
coreui-free-bootstrap-admin-template,HTML,10860,2892,13752
Spoon-Knife,HTML,10516,118676,129192
pelican,HTML,10457,1717,12174
isotope,HTML,10398,1447,11845
responsive-html-email-template,HTML,10380,3642,14022
sovereign,HTML,10040,847,10887
node-interview,HTML,9960,1517,11477
ai-edu,HTML,9412,2351,11763
milligram,HTML,9391,564,9955
colour-schemes,HTML,9300,1710,11010
pdf2htmlEX,HTML,9262,1646,10908
flexboxgrid,HTML,9221,1188,10409
javascript-patterns,HTML,9131,1721,10852
apidoc,HTML,9025,1592,10617
startbootstrap-sb-admin-2,HTML,8874,5367,14241
Server,HTML,8784,1781,10565
core,HTML,8298,670,8968
minimal-mistakes,HTML,8205,15376,23581
GamestonkTerminal,HTML,8162,885,9047
awesome-modern-cpp,HTML,8114,802,8916
awesome-creative-coding,HTML,7990,622,8612
awesome-angular,HTML,7983,1202,9185
solid,HTML,7957,371,8328
js-the-right-way,HTML,7779,896,8675
zenbot,HTML,7777,2001,9778
code-guide,HTML,7702,1128,8830
Xin-Yue,HTML,7616,1019,8635
foundation-emails,HTML,7486,1075,8561
blog_os,HTML,7443,593,8036
growth-ebook,HTML,7382,1214,8596
ImageOptim,HTML,7199,361,7560
startbootstrap,HTML,7129,2789,9918
dillinger,HTML,7119,1023,8142
beautiful-web-type,HTML,7092,319,7411
sketch-measure,HTML,6941,621,7562
infinite-scroll,HTML,6914,1757,8671
element-web,HTML,6845,1136,7981
learnyounode,HTML,6820,1759,8579
personal-website,HTML,6725,6440,13165
transactional-email-templates,HTML,6606,1146,7752
Hospital,HTML,6591,1062,7653
url-to-pdf-api,HTML,6448,670,7118
emoji-cheat-sheet.com,HTML,6406,1628,8034
speedtest,HTML,6335,1408,7743
pup,HTML,6300,208,6508
kubernetes-failure-stories,HTML,6217,294,6511
machine-learning-systems-design,HTML,6168,938,7106
es6-features,HTML,6146,1114,7260
mxgraph,HTML,6145,1702,7847
screenfull.js,HTML,6125,651,6776
rellax,HTML,6034,847,6881
computer-science-flash-cards,HTML,5943,1524,7467
huxpro.github.io,HTML,5870,4022,9892
node-fluent-ffmpeg,HTML,5808,719,6527
turndown,HTML,5772,698,6470
wowchemy-hugo-modules,HTML,5730,2484,8214
git-stats,HTML,5718,166,5884
github-markdown-css,HTML,5596,1749,7345
frontend,HTML,5553,556,6109
all-contributors,HTML,5504,1280,6784
jquery-ui-bootstrap,HTML,5481,834,6315
clappr,HTML,5317,727,6044
proposal-pipeline-operator,HTML,5315,87,5402
pdfs,HTML,5291,958,6249
CSSgram,HTML,5286,418,5704
samples,HTML,5175,2316,7491
Airtest,HTML,5150,846,5996
goproxy.cn,HTML,5145,304,5449
CS-Notes,Java,134809,43285,178094
JavaGuide,Java,107379,36867,144246
java-design-patterns,Java,68846,21461,90307
LeetCodeAnimation,Java,65586,12545,78131
spring-boot,Java,56209,34038,90247
elasticsearch,Java,55681,20208,75889
interviews,Java,53017,11239,64256
mall,Java,50903,21808,72711
spring-framework,Java,43527,30463,73990
Java,Java,39459,12932,52391
retrofit,Java,38347,6888,45235
dubbo,Java,35769,23829,59598
GitHub-Chinese-Top-Charts,Java,35659,5118,40777
MPAndroidChart,Java,33628,8445,42073
lottie-android,Java,31430,5038,36468
glide,Java,31421,5730,37151
zxing,Java,28062,9032,37094
ghidra,Java,27471,3607,31078
hello-algorithm,Java,26902,5151,32053
tutorials,Java,26608,42863,69471
jadx,Java,26482,3264,29746
arthas,Java,26473,5791,32264
JCSprout,Java,26251,7097,33348
spring-boot-examples,Java,25848,11327,37175
druid,Java,24172,7792,31964
jeecg-boot,Java,23813,9205,33018
fastjson,Java,23559,6297,29856
EventBus,Java,23476,4606,28082
SmartRefreshLayout,Java,22726,4676,27402
spring-boot-demo,Java,22603,7840,30443
BaseRecyclerViewAdapterHelper,Java,22070,4688,26758
vhr,Java,21843,9074,30917
dbeaver,Java,21256,1957,23213
selenium,Java,21166,6408,27574
miaosha,Java,21108,5432,26540
toBeTopJavaer,Java,21032,4786,25818
SpringAll,Java,20936,6263,27199
Signal-Android,Java,20846,5013,25859
easyexcel,Java,20456,5441,25897
seata,Java,20184,6443,26627
hutool,Java,19592,5772,25364
RxAndroid,Java,19450,3002,22452
spring-cloud-alibaba,Java,19443,5944,25387
kafka,Java,19354,10262,29616
halo,Java,19295,6657,25952
libgdx,Java,18638,6177,24815
nacos,Java,18500,7401,25901
ExoPlayer,Java,17973,5278,23251
PhotoView,Java,17808,3826,21634
jenkins,Java,17591,6888,24479
DoraemonKit,Java,17555,2571,20126
Telegram,Java,17264,6030,23294
skywalking,Java,17259,5095,22354
bazel,Java,16990,3031,20021
redisson,Java,16904,4101,21005
Android-Universal-Image-Loader,Java,16831,6268,23099
Sentinel,Java,16732,5797,22529
flink,Java,16702,9266,25968
GSYVideoPlayer,Java,16429,3621,20050
litemall,Java,16085,6428,22513
zheng,Java,16033,7451,23484
eladmin,Java,15920,5850,21770
mybatis-3,Java,15912,10739,26651
tinker,Java,15896,3187,19083
cat,Java,15628,4882,20510
graal,Java,15551,1178,16729
HikariCP,Java,15251,2305,17556
Android-CleanArchitecture,Java,14896,3312,18208
java8-tutorial,Java,14833,3606,18439
rocketmq,Java,14792,8175,22967
FizzBuzzEnterpriseEdition,Java,14738,643,15381
zipkin,Java,14526,2755,17281
NewPipe,Java,14358,1835,16193
lottie-react-native,Java,14287,1567,15854
shardingsphere,Java,14195,4872,19067
disruptor,Java,13912,3395,17307
Material-Animations,Java,13574,2556,16130
SpringBoot-Learning,Java,13311,4381,17692
ARouter,Java,13266,2324,15590
QMUI_Android,Java,13030,2492,15522
Android-PickerView,Java,12854,3302,16156
Luban,Java,12579,2112,14691
material-components-android,Java,12558,2435,14993
greenDAO,Java,12411,2867,15278
elasticsearch-analysis-ik,Java,12322,2742,15064
stetho,Java,12303,1133,13436
presto,Java,12225,4197,16422
vert.x,Java,12218,1833,14051
bytecode-viewer,Java,12215,887,13102
Apktool,Java,12153,2805,14958
deeplearning4j,Java,12108,4894,17002
AndroidSwipeLayout,Java,12102,2734,14836
Matisse,Java,12039,1922,13961
mockito,Java,12016,2135,14151
VirtualXposed,Java,11964,2090,14054
Arduino,Java,11892,6891,18783
AndroidViewAnimations,Java,11864,2399,14263
JustAuth,Java,11782,2099,13881
hadoop,Java,11766,7286,19052
AndroidAutoSize,Java,11617,1676,13293
architecture-samples,Kotlin,39058,10739,49797
shadowsocks-android,Kotlin,31632,11466,43098
leakcanary,Kotlin,26385,3786,30171
p3c,Kotlin,25719,6936,32655
fanqiang,Kotlin,21646,4980,26626
iosched,Kotlin,20607,6134,26741
architecture-components-samples,Kotlin,20463,7345,27808
material-dialogs,Kotlin,18875,3103,21978
flexbox-layout,Kotlin,16851,1757,18608
plaid,Kotlin,16059,3252,19311
anko,Kotlin,15938,1285,17223
sunflower,Kotlin,14331,3530,17861
uamp,Kotlin,12206,3564,15770
tachiyomi,Kotlin,11974,1512,13486
RxTool,Kotlin,11443,2780,14223
MaterialDrawer,Kotlin,11410,2099,13509
v2rayNG,Kotlin,10764,1972,12736
recyclerview-animators,Kotlin,10741,1943,12684
AppIntro,Kotlin,9832,1731,11563
RxBinding,Kotlin,9661,944,10605
kotlinx.coroutines,Kotlin,9535,1365,10900
awesome-kotlin,Kotlin,9464,1091,10555
timber,Kotlin,9035,884,9919
ktor,Kotlin,8563,696,9259
ClashForAndroid,Kotlin,8018,1097,9115
compose-samples,Kotlin,7985,1469,9454
cheesesquare,Kotlin,7822,1870,9692
okio,Kotlin,7620,1095,8715
TranslationPlugin,Kotlin,7562,554,8116
kotlin-native,Kotlin,7091,627,7718
mirai,Kotlin,6827,1867,8694
koin,Kotlin,6817,484,7301
RxKotlin,Kotlin,6666,441,7107
sourcerer-app,Kotlin,6591,262,6853
coil,Kotlin,6579,382,6961
Compressor,Kotlin,5993,858,6851
ideavim,Kotlin,5782,586,6368
acra,Kotlin,5680,1115,6795
android-oss,Kotlin,5570,998,6568
Exposed,Kotlin,5290,436,5726
topeka,Kotlin,5245,1107,6352
MultiType,Kotlin,5155,710,5865
Alerter,Kotlin,5130,616,5746
fenix,Kotlin,5016,869,5885
compose-jb,Kotlin,4893,258,5151
android-showcase,Kotlin,4864,656,5520
Android-Iconics,Kotlin,4830,624,5454
DBFlow,Kotlin,4815,610,5425
javalin,Kotlin,4789,427,5216
Design-Patterns-In-Kotlin,Kotlin,4755,580,5335
williamchart,Kotlin,4664,792,5456
Pokedex,Kotlin,4474,515,4989
arrow,Kotlin,4397,316,4713
ktlint,Kotlin,4326,363,4689
muzei,Kotlin,4275,945,5220
VancedManager,Kotlin,4251,222,4473
mavericks,Kotlin,4147,319,4466
tivi,Kotlin,4143,546,4689
uhabits,Kotlin,4113,679,4792
sqldelight,Kotlin,4062,331,4393
RxDownload,Kotlin,4011,612,4623
fuel,Kotlin,3949,390,4339
mockk,Kotlin,3931,180,4111
Kotlin-Tutorials,Kotlin,3895,554,4449
legado,Kotlin,3786,753,4539
Context-Menu.Android,Kotlin,3779,1006,4785
detekt,Kotlin,3761,503,4264
Fotoapparat,Kotlin,3674,386,4060
corda,Kotlin,3659,1008,4667
ShimmerRecyclerView,Kotlin,3616,549,4165
intellij-rainbow-brackets,Kotlin,3584,104,3688
intellij-rust,Kotlin,3564,307,3871
gradle-play-publisher,Kotlin,3557,297,3854
wire,Kotlin,3545,494,4039
Timeline-View,Kotlin,3493,602,4095
booster,Kotlin,3487,374,3861
android-clean-architecture-boilerplate,Kotlin,3474,503,3977
KotlinMvp,Kotlin,3434,873,4307
tornadofx,Kotlin,3423,255,3678
FastAdapter,Kotlin,3416,474,3890
kotlin-dsl-samples,Kotlin,3399,409,3808
Android-CleanArchitecture-Kotlin,Kotlin,3336,703,4039
qksms,Kotlin,3321,959,4280
kotlinx.serialization,Kotlin,3185,364,3549
android,Kotlin,3102,2899,6001
rxhttp,Kotlin,2990,359,3349
Spotlight,Kotlin,2986,321,3307
kotest,Kotlin,2978,417,3395
kotlin-examples,Kotlin,2965,1079,4044
camera-samples,Kotlin,2954,1503,4457
kotlinpoet,Kotlin,2805,198,3003
AboutLibraries,Kotlin,2689,375,3064
CalendarView,Kotlin,2656,314,2970
mockito-kotlin,Kotlin,2648,168,2816
Scarlet,Kotlin,2636,185,2821
TourGuide,Kotlin,2627,429,3056
kotlinconf-app,Kotlin,2605,282,2887
Kodein-DI,Kotlin,2599,153,2752
Kotlin-for-Android-Developers,Kotlin,2595,602,3197
kotlin-koans,Kotlin,2576,1486,4062
bootstrap,JavaScript,151775,73981,225756
d3,JavaScript,97543,22724,120267
next.js,JavaScript,70481,13439,83920
material-ui,JavaScript,69665,22904,92569
Font-Awesome,JavaScript,65802,11485,77287
json-server,JavaScript,55128,5295,60423
markdown-here,JavaScript,52423,9960,62383
Semantic-UI,JavaScript,49411,5121,54532
Ghost,JavaScript,37953,8213,46166
iptv,JavaScript,36468,2550,39018
chinese-poetry,JavaScript,33567,6886,40453
hexo,JavaScript,33092,4159,37251
faker.js,JavaScript,32835,2807,35642
Leaflet,JavaScript,31077,4902,35979
phaser,JavaScript,29979,6484,36463
preact,JavaScript,29453,1630,31083
react,JavaScript,26531,2011,28542
sheetjs,JavaScript,26146,6836,32982
marked,JavaScript,25336,3048,28384
select2,JavaScript,25020,6212,31232
particles.js,JavaScript,24325,4270,28595
Awesome-Design-Tools,JavaScript,23179,1728,24907
CodeMirror,JavaScript,23048,4665,27713
mongoose,JavaScript,22878,3127,26005
Sortable,JavaScript,22789,3283,26072
sails,JavaScript,21975,1924,23899
learnGitBranching,JavaScript,21870,4907,26777
pure,JavaScript,21793,2331,24124
PhotoSwipe,JavaScript,21145,3206,24351
dragula,JavaScript,20721,1916,22637
draft-js,JavaScript,20544,2388,22932
intro.js,JavaScript,20471,2548,23019
sharp,JavaScript,20045,998,21043
plyr,JavaScript,20015,2383,22398
tips,JavaScript,19859,1681,21540
scrollreveal,JavaScript,19849,2160,22009
react-bootstrap,JavaScript,19645,3128,22773
autoprefixer,JavaScript,19626,1204,20830
passport,JavaScript,19043,1101,20144
nightmare,JavaScript,18941,1140,20081
portainer,JavaScript,18890,1707,20597
ChromeAppHeroes,JavaScript,18486,2072,20558
popmotion,JavaScript,18359,653,19012
vue-router,JavaScript,18192,4995,23187
reselect,JavaScript,18040,645,18685
docsify,JavaScript,17997,4378,22375
validator.js,JavaScript,17842,1672,19514
popper-core,JavaScript,17647,1200,18847
egg,JavaScript,17146,1684,18830
ZeroNet,JavaScript,16898,2130,19028
Mock,JavaScript,16839,2443,19282
react-loadable,JavaScript,16038,831,16869
statsd,JavaScript,15877,1960,17837
p5.js,JavaScript,15695,2450,18145
draggable,JavaScript,15263,941,16204
jasmine,JavaScript,15164,2241,17405
N-blog,JavaScript,14926,4800,19726
BullshitGenerator,JavaScript,14820,2887,17707
keystone-classic,JavaScript,14794,2327,17121
react-testing-library,JavaScript,14791,842,15633
amphtml,JavaScript,14629,3840,18469
blessed-contrib,JavaScript,14387,861,15248
KaTeX,JavaScript,14032,963,14995
webpack-dashboard,JavaScript,13804,422,14226
browserify,JavaScript,13753,1208,14961
grapesjs,JavaScript,13577,2578,16155
AI-Expert-Roadmap,JavaScript,13312,1144,14456
ScrollMagic,JavaScript,13245,2007,15252
Snap.svg,JavaScript,13191,1158,14349
bootswatch,JavaScript,13015,3532,16547
reactotron,JavaScript,13012,828,13840
nginxconfig.io,JavaScript,12957,904,13861
react-canvas,JavaScript,12693,956,13649
selectize.js,JavaScript,12665,3696,16361
node-inspector,JavaScript,12568,769,13337
redux-form,JavaScript,12558,1669,14227
paper.js,JavaScript,12530,1128,13658
bootstrap-datepicker,JavaScript,12414,6133,18547
mjml,JavaScript,12270,784,13054
NodeBB,JavaScript,12023,2402,14425
omi,JavaScript,11966,1164,13130
showdown,JavaScript,11815,1506,13321
terminalizer,JavaScript,11711,416,12127
ReLaXed,JavaScript,11625,428,12053
codelf,JavaScript,11498,836,12334
react-native-macos,JavaScript,11397,490,11887
arangodb,JavaScript,11385,711,12096
reaction,JavaScript,11344,2071,13415
editor.md,JavaScript,11286,2171,13457
blur-admin,JavaScript,11231,3171,14402
simple-icons,JavaScript,11087,1514,12601
webpack-bundle-analyzer,JavaScript,11085,425,11510
typed.js,JavaScript,10986,1457,12443
raphael,JavaScript,10916,1672,12588
jquery-ui,JavaScript,10916,5300,16216
magnetW,JavaScript,10884,1879,12763
fx,JavaScript,10878,352,11230
toastr,JavaScript,10877,1943,12820
Administrative-divisions-of-China,JavaScript,10869,5429,16298
vue-hackernews-2.0,JavaScript,10821,2212,13033
kong,Lua,29617,3864,33481
waifu2x,Lua,21555,2368,23923
neural-style,Lua,18026,2759,20785
openface,Lua,14072,3541,17613
char-rnn,Lua,10654,2488,13142
CycleGAN,Lua,10651,1797,12448
koreader,Lua,8754,890,9644
pix2pix,Lua,8518,1528,10046
sysdig,Lua,6558,644,7202
dockercraft,Lua,6326,368,6694
lite,Lua,5831,254,6085
VeryNginx,Lua,5627,921,6548
apisix,Lua,5577,1102,6679
nmap,Lua,5325,1677,7002
lsyncd,Lua,4497,411,4908
DenseNet,Lua,4311,1018,5329
LunarVim,Lua,4099,866,4965
ntopng,Lua,4053,496,4549
awesome,Lua,4035,466,4501
fast-neural-style,Lua,3868,777,4645
fairseq,Lua,3723,626,4349
luvit,Lua,3377,346,3723
ngx_lua_waf,Lua,3364,1346,4710
openresty-best-practices,Lua,3206,789,3995
deepmask,Lua,3103,536,3639
articles,Lua,2990,761,3751
snabb,Lua,2753,303,3056
tarantool,Lua,2659,275,2934
telescope.nvim,Lua,2640,183,2823
moonscript,Lua,2624,170,2794
NvChad,Lua,2576,125,2701
CorsixTH,Lua,2434,276,2710
nmap-vulners,Lua,2402,429,2831
neuralart,Lua,2393,357,2750
torch-rnn,Lua,2334,506,2840
OpenNMT,Lua,2331,471,2802
awesome-copycats,Lua,2304,458,2762
docker-jitsi-meet,Lua,2235,1036,3271
nvim-lspconfig,Lua,2217,378,2595
luarocks,Lua,2189,367,2556
ZeroBraneStudio,Lua,2187,482,2669
orange,Lua,2167,560,2727
PathOfBuilding,Lua,2153,1070,3223
Algorithm-Implementations,Lua,2117,518,2635
siggraph2016_colorization,Lua,2117,310,2427
vulscan,Lua,2097,501,2598
fb.resnet.torch,Lua,2056,663,2719
z.lua,Lua,2042,88,2130
crnn,Lua,1872,532,2404
art-DCGAN,Lua,1805,324,2129
DeepMind-Atari-Deep-Q-Learner,Lua,1805,547,2352
ResNeXt,Lua,1779,293,2072
lua-resty-auto-ssl,Lua,1739,151,1890
MemNN,Lua,1737,387,2124
the-glorious-dotfiles,Lua,1667,120,1787
qipai_algorithm,Lua,1665,751,2416
luafun,Lua,1594,93,1687
lua-resty-redis,Lua,1591,415,2006
luakit,Lua,1577,233,1810
lua-resty-http,Lua,1564,529,2093
Anycomplete,Lua,1529,47,1576
keyboard,Lua,1482,163,1645
luacheck,Lua,1438,242,1680
middleclass,Lua,1363,166,1529
multipathnet,Lua,1356,289,1645
KikiAuth,Lua,1354,1,1355
Fennel,Lua,1316,81,1397
luci-app-vssr,Lua,1315,610,1925
dcgan.torch,Lua,1311,401,1712
nProbe,Lua,1311,39,1350
Penlight,Lua,1309,211,1520
PathOfBuilding,Lua,1307,840,2147
nn,Lua,1279,966,2245
Faster-High-Res-Neural-Inpainting,Lua,1256,217,1473
BYTEPATH,Lua,1199,63,1262
vlsub,Lua,1196,344,1540
seq2seq-attn,Lua,1189,284,1473
wide-residual-networks,Lua,1168,281,1449
texture_nets,Lua,1166,226,1392
minetest_game,Lua,1117,491,1608
AdaIN-style,Lua,1109,175,1284
lua-protobuf,Lua,1102,271,1373
nvim-compe,Lua,1098,53,1151
fbcunn,Lua,1072,263,1335
sile,Lua,1063,68,1131
json.lua,Lua,1062,254,1316
awesome-wm-widgets,Lua,1035,155,1190
busted,Lua,1012,154,1166
nginx-lua-prometheus,Lua,999,167,1166
torchnet,Lua,996,200,1196
neorg,Lua,993,7,1000
luci-app-shadowsocks,Lua,989,418,1407
hawkthorne-journey,Lua,977,414,1391
nebula,Lua,971,363,1334
awesome-streamerrc,Lua,970,300,1270
packer.nvim,Lua,964,47,1011
lsofgraph,Lua,964,29,993
openstar,Lua,961,386,1347
grad-cam,Lua,960,173,1133
waf,Lua,954,403,1357
deep-photo-styletransfer,Matlab,9804,1431,11235
OpenFace,MATLAB,5176,1617,6793
PRMLT,MATLAB,5166,2043,7209
vrn,MATLAB,4353,742,5095
DeepLearnToolbox,Matlab,3602,2275,5877
Stanford-CS-229-CN,MATLAB,2823,770,3593
MTCNN_face_detection_alignment,Matlab,2585,1007,3592
faster_rcnn,Matlab,2440,1210,3650
rcnn,Matlab,2154,959,3113
OpenTLD,Matlab,2081,1301,3382
eviltransform,Matlab,2020,442,2462
CAM,MATLAB,1508,427,1935
Coding-Guide,MATLAB,1392,185,1577
crfasrnn,MATLAB,1324,471,1795
R-FCN,Matlab,1215,555,1770
MCM-ICM,MATLAB,1110,283,1393
tiny,MATLAB,1097,315,1412
matlab2tikz,MATLAB,1093,259,1352
Algorithms_MathModels,MATLAB,1081,436,1517
omniglot,MATLAB,1049,324,1373
export_fig,MATLAB,958,318,1276
DnCNN,MATLAB,948,463,1411
BPL,Matlab,946,311,1257
Coursera-Machine-Learning-Stanford,MATLAB,819,666,1485
convnet-burden,MATLAB,804,108,912
Octave,Matlab,785,499,1284
toolbox,Matlab,779,496,1275
activityrecognition,MATLAB,759,351,1110
matlab-schemer,MATLAB,755,217,972
edges,Matlab,744,358,1102
face_verification_experiment,Matlab,713,340,1053
Gait-Tracking-With-x-IMU,Matlab,707,359,1066
machine-learning-octave,MATLAB,674,206,880
robotics-toolbox-matlab,MATLAB,664,332,996
lrslibrary,MATLAB,647,339,986
VAD,MATLAB,637,196,833
CNN-for-Image-Retrieval,MATLAB,603,234,837
Total-Text-Dataset,MATLAB,599,136,735
mexopencv,Matlab,597,310,907
siamese-fc,MATLAB,590,225,815
ICNet,MATLAB,577,200,777
Image-Harmonization-Dataset-iHarmony4,MATLAB,567,58,625
gramm,Matlab,567,169,736
voc-dpm,Matlab,564,316,880
refinenet,MATLAB,550,161,711
ECO,MATLAB,549,238,787
PlatEMO,MATLAB,532,251,783
hashing-baseline-for-image-retrieval,MATLAB,532,246,778
Detect-Track,Matlab,530,107,637
Stanford-Machine-Learning-Course,Matlab,513,365,878
fieldtrip,MATLAB,512,535,1047
cfnet,Matlab,499,157,656
SFD,Matlab,495,143,638
Mathematics,MATLAB,481,199,680
SelfExSR,Matlab,481,254,735
IRCNN,MATLAB,477,161,638
vgg_face2,MATLAB,468,100,568
BeatTheBookie,MATLAB,456,126,582
AMSoftmax,Matlab,447,127,574
hctsa,MATLAB,434,203,637
FaceVerification,Matlab,433,236,669
fashion-detection,MATLAB,428,107,535
gptoolbox,MATLAB,418,138,556
IMUCalibration-Gesture,MATLAB,413,188,601
NTURGB-D,MATLAB,412,139,551
LapSRN,Matlab,410,113,523
exemplarsvm,Matlab,409,159,568
ml-class-assignments,Matlab,404,370,774
chebfun,MATLAB,398,113,511
2DASL,MATLAB,395,105,500
netvlad,Matlab,388,105,493
MDP_Tracking,Matlab,384,169,553
quadrotor,MATLAB,383,196,579
clothing-co-parsing,MATLAB,381,107,488
machine-learning-programming-assignments-coursera-andrew-ng,Matlab,375,329,704
kalibr_allan,MATLAB,372,176,548
bnt,MATLAB,369,228,597
MatlabFunc,Matlab,364,208,572
toolkit-legacy,MATLAB,362,178,540
MATLABRobotics,Matlab,361,247,608
NormFace,Matlab,357,107,464
SPP_net,Matlab,354,236,590
rcnn-depth,MATLAB,346,149,495
OpenCE,Matlab,346,118,464
LayoutNet,MATLAB,346,90,436
RankIQA,MATLAB,345,109,454
deeplearningsourceseparation,Matlab,342,135,477
SRMD,MATLAB,342,76,418
cs229,Matlab,338,144,482
Awesome-Speech-Enhancement,MATLAB,337,79,416
DeepXi,MATLAB,336,96,432
NaveGo,MATLAB,335,155,490
toflow,MATLAB,329,78,407
ccodashboard,MATLAB,327,108,435
fashion-landmarks,Matlab,326,99,425
VeRidataset,MATLAB,321,54,375
face-alignment,Matlab,321,193,514
DeconvNet,Matlab,320,151,471
ml-class,Matlab,319,266,585
AFNetworking,Objective-C,33180,10246,43426
SDWebImage,Objective-C,23634,5720,29354
GPUImage,Objective-C,19778,4584,24362
WeChatExtension-ForMac,Objective-C,18179,2778,20957
Masonry,Objective-C,17969,3144,21113
MBProgressHUD,Objective-C,15871,3506,19377
IQKeyboardManager,Objective-C,15146,2259,17405
realm-cocoa,Objective-C,14534,1966,16500
expo,Objective-C,14074,2563,16637
YYKit,Objective-C,13824,3637,17461
WebViewJavascriptBridge,Objective-C,13736,2896,16632
fmdb,Objective-C,13588,2788,16376
MJRefresh,Objective-C,13504,3525,17029
WeChatPlugin-MacOS,Objective-C,13354,2476,15830
spectacle,Objective-C,13008,761,13769
OpenEmu,Objective-C,12933,1152,14085
chameleon,Objective-C,12539,1318,13857
CocoaLumberjack,Objective-C,12434,2152,14586
FLEX,Objective-C,12413,1455,13868
react-native-maps,Objective-C,12365,4269,16634
SVProgressHUD,Objective-C,12300,2493,14793
react-native-navigation,Objective-C,12195,2628,14823
DZNEmptyDataSet,Objective-C,12045,1734,13779
CocoaAsyncSocket,Objective-C,11996,2864,14860
IGListKit,Objective-C,11965,1436,13401
iCarousel,Objective-C,11823,2589,14412
Mantle,Objective-C,11302,1487,12789
JSPatch,Objective-C,11301,2256,13557
iTerm2,Objective-C,11299,1046,12345
JSQMessagesViewController,Objective-C,11235,2908,14143
MagicalRecord,Objective-C,10876,1839,12715
RestKit,Objective-C,10285,2198,12483
Alcatraz,Objective-C,10052,1191,11243
UITableView-FDTemplateLayoutCell,Objective-C,9916,2042,11958
PNChart,Objective-C,9761,1811,11572
GitUp,Objective-C,9736,692,10428
FSCalendar,Objective-C,9634,1750,11384
Shimmer,Objective-C,9373,1119,10492
SocketRocket,Objective-C,9181,1923,11104
MWPhotoBrowser,Objective-C,8773,2772,11545
TTTAttributedLabel,Objective-C,8717,1653,10370
BaiduNetdiskPlugin-macOS,Objective-C,8650,1795,10445
YYText,Objective-C,8645,1429,10074
UTM,Objective-C,8459,555,9014
MJExtension,Objective-C,8439,2185,10624
SlackTextViewController,Objective-C,8430,1114,9544
VVDocumenter-Xcode,Objective-C,8415,1602,10017
sequelpro,Objective-C,8390,812,9202
Aspects,Objective-C,8172,1236,9408
shadowsocks-iOS,Objective-C,8163,3633,11796
FastImageCache,Objective-C,8160,963,9123
hammerspoon,Objective-C,8014,425,8439
aria2gui,Objective-C,7939,850,8789
FlatUIKit,Objective-C,7889,980,8869
trip-to-iOS,Objective-C,7818,2316,10134
analyze,Objective-C,7811,1914,9725
iOS-Runtime-Headers,Objective-C,7739,1636,9375
FLAnimatedImage,Objective-C,7656,1179,8835
TZImagePickerController,Objective-C,7614,1724,9338
slate,Objective-C,7572,511,8083
PureLayout,Objective-C,7498,765,8263
three20,Objective-C,7341,1532,8873
KVOController,Objective-C,7311,923,8234
SWTableViewCell,Objective-C,7210,1305,8515
RESideMenu,Objective-C,7203,1395,8598
DateTools,Objective-C,7136,917,8053
JVFloatLabeledTextField,Objective-C,7098,762,7860
xctool,Objective-C,7021,784,7805
Dash-iOS,Objective-C,7015,944,7959
BlocksKit,Objective-C,6942,1259,8201
Reachability,Objective-C,6931,1253,8184
MGSwipeTableCell,Objective-C,6871,1099,7970
jsonmodel,Objective-C,6853,1077,7930
MMDrawerController,Objective-C,6811,1417,8228
facebook-ios-sdk,Objective-C,6767,2857,9624
keycastr,Objective-C,6607,366,6973
ZFPlayer,Objective-C,6593,1615,8208
Onboard,Objective-C,6522,798,7320
CYLTabBarController,Objective-C,6513,1429,7942
nimbus,Objective-C,6484,1339,7823
JazzHands,Objective-C,6471,695,7166
injectionforxcode,Objective-C,6430,579,7009
YTKNetwork,Objective-C,6381,1659,8040
V2RayX,Objective-C,6342,989,7331
TeamTalk,Objective-C,6315,3086,9401
QMUI_iOS,Objective-C,6263,1203,7466
JSONKit,Objective-C,6208,1706,7914
DTCoreText,Objective-C,6114,1167,7281
NWPusher,Objective-C,6063,671,6734
SDCycleScrollView,Objective-C,6046,1468,7514
KIF,Objective-C,6024,896,6920
MacPass,Objective-C,5912,418,6330
SDAutoLayout,Objective-C,5891,1306,7197
XMPPFramework,Objective-C,5874,2124,7998
GCDWebServer,Objective-C,5867,1026,6893
PonyDebugger,Objective-C,5850,611,6461
asi-http-request,Objective-C,5833,1436,7269
FDFullscreenPopGesture,Objective-C,5831,1153,6984
TPKeyboardAvoiding,Objective-C,5794,945,6739
NewsBlur,Objective-C,5780,943,6723
diff-so-fancy,Perl,14502,319,14821
cloc,Perl,11956,709,12665
FlameGraph,Perl,11551,1389,12940
gitolite,Perl,7938,994,8932
MySQLTuner-perl,Perl,6944,1092,8036
nikto,Perl,4927,793,5720
Expose,Perl,4200,255,4455
sicp-pdf,Perl,3895,514,4409
EQGRP,Perl,3719,2090,5809
nginx-tutorials,Perl,2633,435,3068
rcm,Perl,2607,122,2729
pgbadger,Perl,2384,271,2655
owasp-modsecurity-crs,Perl,2272,701,2973
mojo,Perl,2266,530,2796
ABTestingGateway,Perl,2239,753,2992
sqitch,Perl,2214,178,2392
rsnapshot,Perl,2165,215,2380
afterglow-theme,Perl,2131,145,2276
postgresqltuner,Perl,2108,140,2248
imapsync,Perl,2063,332,2395
ua-parser,Perl,1985,517,2502
sanoid,Perl,1850,190,2040
Mojo-Webqq,Perl,1762,339,2101
BezierInfo-2,Perl,1748,205,1953
duckduckgo,Perl,1615,229,1844
slipstream,Perl,1556,174,1730
Linux_Exploit_Suggester,Perl,1539,418,1957
munin,Perl,1531,421,1952
ack2,Perl,1510,151,1661
get_iplayer,Perl,1472,160,1632
openresty-systemtap-toolkit,Perl,1454,308,1762
openfortivpn,Perl,1345,218,1563
dvcs-ripper,Perl,1279,283,1562
mha4mysql-manager,Perl,1192,449,1641
Mojo-Weixin,Perl,1179,261,1440
Th3inspector,Perl,1137,397,1534
perl5,Perl,1127,354,1481
nipe,Perl,1119,241,1360
evilgrade,Perl,1114,266,1380
rainbarf,Perl,1104,67,1171
lua-resty-waf,Perl,1093,275,1368
git-cal,Perl,1091,61,1152
linux-exploit-suggester-2,Perl,1085,213,1298
MultiMarkdown,Perl,1059,546,1605
i3-starterpack,Perl,1050,146,1196
ggplot2-book,Perl,1045,529,1574
Golang-Regex-Tutorial,Perl,1045,133,1178
contrib,Perl,1043,681,1724
xcode_shell,Perl,1035,406,1441
vanilla,Perl,1019,223,1242
AirChat,Perl,1015,155,1170
exiftool,Perl,993,141,1134
openkore,Perl,990,936,1926
nodebrew,Perl,977,60,1037
XAttacker,Perl,959,426,1385
everything-curl,Perl,957,203,1160
zeroclickinfo-goodies,Perl,948,1855,2803
SecToolSet,Perl,938,246,1184
backuppc,Perl,924,146,1070
the-bastion,Perl,918,44,962
code2ebook,Perl,905,131,1036
packetfence,Perl,889,224,1113
ModSecurity-nginx,Perl,869,195,1064
gitprep,Perl,862,116,978
ATSCAN,Perl,859,321,1180
ember-cli-mirage,Perl,853,436,1289
youtube-viewer,Perl,849,69,918
speedread,Perl,848,83,931
Monitorix,Perl,837,157,994
XcodeCoverage,Perl,826,313,1139
convos,Perl,824,74,898
ddclient,Perl,819,185,1004
ack1,Perl,818,98,916
sysadmin-util,Perl,808,103,911
git-deploy,Perl,808,64,872
gdown.pl,Perl,798,175,973
otrs,Perl,789,481,1270
st,Perl,789,57,846
sortphotos,Perl,789,263,1052
wireguard-vyatta-ubnt,Perl,788,39,827
thinkpad-ec,Perl,781,97,878
clusterssh,Perl,745,73,818
SmokePing,Perl,741,142,883
inxi,Perl,740,69,809
urxvt-perls,Perl,736,105,841
vyatta-wireguard,Perl,729,41,770
Dancer,Perl,716,223,939
opencv-haar-classifier-training,Perl,707,474,1181
broadcom-bt-firmware,Perl,707,109,816
trizen,Perl,707,39,746
cpanminus,Perl,700,202,902
fwknop,Perl,700,156,856
mlf,Perl,684,247,931
App-perlbrew,Perl,681,213,894
btrbk,Perl,676,75,751
slimserver,Perl,671,207,878
pixload,Perl,663,160,823
dotphiles,Perl,661,344,1005
Rex,Perl,661,215,876
ora2pg,Perl,660,249,909
laravel,PHP,65893,21142,87035
SecLists,PHP,32462,16801,49263
jQuery-File-Upload,PHP,31054,8220,39274
Faker,PHP,25937,3165,29102
symfony,PHP,25562,8191,33753
composer,PHP,25376,6110,31486
framework,PHP,24419,8296,32715
guzzle,PHP,20964,2204,23168
DesignPatternsPHP,PHP,19723,4265,23988
monolog,PHP,18892,1752,20644
CodeIgniter,PHP,18156,7810,25966
phpunit,PHP,17710,2024,19734
PHPMailer,PHP,16855,8861,25716
Carbon,PHP,15308,1178,16486
WordPress,PHP,15239,9974,25213
matomo,PHP,15129,2144,17273
PHP-Parser,PHP,14675,834,15509
howto-make-more-money,PHP,14661,1548,16209
server,PHP,14566,2609,17175
parsedown,PHP,13760,1027,14787
yii2,PHP,13756,6955,20711
monica,PHP,13091,1465,14556
laravel-debugbar,PHP,12857,1240,14097
grav,PHP,12797,1323,14120
koel,PHP,12666,1629,14295
whoops,PHP,12466,573,13039
Cachet,PHP,12185,1438,13623
phabricator,PHP,12165,1545,13710
flysystem,PHP,12008,657,12665
image,PHP,12000,1349,13349
flarum,PHP,11684,1284,12968
laravel-ide-helper,PHP,11484,1000,12484
PHPExcel,PHP,11447,4103,15550
phpdotenv,PHP,11367,552,11919
sage,PHP,11291,2959,14250
uuid,PHP,11266,417,11683
Slim,PHP,11055,1919,12974
october,PHP,10679,2260,12939
voyager,PHP,10532,2511,13043
cphalcon,PHP,10442,1912,12354
inflector,PHP,10407,107,10514
PHP-CS-Fixer,PHP,10287,1291,11578
lexer,PHP,10232,41,10273
instantiator,PHP,10193,54,10247
EmailValidator,PHP,10171,144,10315
PhpSpreadsheet,PHP,10105,2235,12340
jwt-auth,PHP,10076,1328,11404
laravel-admin,PHP,10028,2519,12547
Laravel-Excel,PHP,10019,1588,11607
phpstan,PHP,9999,717,10716
labs,PHP,9958,4971,14929
mockery,PHP,9882,431,10313
Mobile-Detect,PHP,9800,2618,12418
log,PHP,9531,157,9688
easywechat,PHP,9529,2281,11810
magento2,PHP,9525,8500,18025
laravel-permission,PHP,9513,1437,10950
swiftmailer,PHP,9432,821,10253
clean-code-php,PHP,9334,2265,11599
Workerman,PHP,9333,2138,11471
api,PHP,9183,1266,10449
container,PHP,9108,37,9145
psysh,PHP,9022,266,9288
console,PHP,8783,216,8999
PHP_CodeSniffer,PHP,8688,1368,10056
ReflectionDocBlock,PHP,8681,85,8766
orm,PHP,8651,2334,10985
deployer,PHP,8611,1249,9860
Goutte,PHP,8496,973,9469
TypeResolver,PHP,8485,37,8522
ReflectionCommon,PHP,8415,17,8432
cakephp,PHP,8391,3466,11857
dbal,PHP,8144,1138,9282
prophecy,PHP,8078,214,8292
dompdf,PHP,8052,1521,9573
reactphp,PHP,8041,733,8774
typecho,PHP,7992,1626,9618
http-foundation,PHP,7924,261,8185
avbook,PHP,7896,1943,9839
php-code-coverage,PHP,7881,328,8209
random_compat,PHP,7873,115,7988
DeepCopy,PHP,7863,78,7941
event-dispatcher,PHP,7781,64,7845
simple-cache,PHP,7753,39,7792
finder,PHP,7677,50,7727
think,PHP,7662,1660,9322
Awsome-Front-End-learning-resource,PHP,7577,1721,9298
google-api-php-client,PHP,7565,3279,10844
core,PHP,7461,2020,9481
thanks,PHP,7416,38,7454
http-kernel,PHP,7403,76,7479
YOURLS,PHP,7315,1564,8879
lumen,PHP,7281,957,8238
debug,PHP,7260,49,7309
Twig,PHP,7216,1138,8354
polyfill-mbstring,PHP,7210,33,7243
psr7,PHP,7161,223,7384
TrustedProxy,PHP,7148,96,7244
woocommerce,PHP,7135,9324,16459
cache,PHP,7077,209,7286
public-apis,Python,138384,16383,154767
system-design-primer,Python,138261,25291,163552
Python,Python,111645,30640,142285
youtube-dl,Python,97570,5444,103014
models,Python,70564,44492,115056
thefuck,Python,62958,2950,65908
django,Python,58493,24998,83491
flask,Python,56010,14432,70442
keras,Python,51891,18738,70629
httpie,Python,51379,3328,54707
awesome-machine-learning,Python,50660,12557,63217
ansible,Python,49023,20817,69840
transformers,Python,48451,11539,59990
scikit-learn,Python,46415,21655,68070
requests,Python,45622,8359,53981
HelloGitHub,Python,44490,6493,50983
core,Python,44481,14465,58946
scrapy,Python,41053,9247,50300
you-get,Python,40994,8423,49417
big-list-of-naughty-strings,Python,40925,1914,42839
face_recognition,Python,40691,11368,52059
superset,Python,39430,7591,47021
cpython,Python,38994,19408,58402
faceswap,Python,37739,11040,48779
manim,Python,34793,4107,38900
fastapi,Python,33408,2361,35769
shadowsocks,Python,33038,19552,52590
funNLP,Python,32118,9427,41545
interview_internal_reference,Python,31765,8642,40407
localstack,Python,31214,2509,33723
CppCoreGuidelines,Python,31202,4201,35403
AiLearning,Python,30341,10185,40526
pandas,Python,30336,12675,43011
Deep-Learning-Papers-Reading-Roadmap,Python,30124,6569,36693
12306,Python,30063,9416,39479
python-patterns,Python,28777,5932,34709
bert,Python,28531,8090,36621
sentry,Python,28486,3176,31662
Real-Time-Voice-Cloning,Python,27875,5062,32937
PayloadsAllTheThings,Python,27562,7709,35271
rich,Python,27494,833,28327
DeepFaceLab,Python,27263,6101,33364
wtfpython,Python,26895,2241,29136
jieba,Python,26615,6290,32905
cheat.sh,Python,26394,1320,27714
sherlock,Python,26008,2721,28729
d2l-zh,Python,24741,5998,30739
python-cheatsheet,Python,24708,4472,29180
gym,Python,24622,7074,31696
Detectron,Python,24502,5332,29834
Python,Python,23307,10178,33485
interactive-coding-challenges,Python,23099,3720,26819
linux-insides,Python,23012,2655,25667
mitmproxy,Python,22829,2907,25736
airflow,Python,22369,8804,31173
pipenv,Python,22082,1640,23722
black,Python,21641,1392,23033
django-rest-framework,Python,21377,5759,27136
data-science-ipython-notebooks,Python,21327,6644,27971
pytorch-tutorial,Python,21269,6608,27877
algo,Python,21073,1812,22885
spaCy,Python,20887,3502,24389
Mask_RCNN,Python,20264,9887,30151
tornado,Python,20086,5398,25484
ML-From-Scratch,Python,20039,3884,23923
python-fire,Python,19794,1167,20961
Depix,Python,19489,2263,21752
algorithms,Python,19431,3988,23419
algo,Python,19125,6165,25290
redash,Python,19103,3317,22420
tqdm,Python,18789,967,19756
glances,Python,18768,1216,19984
NLP-progress,Python,18750,3193,21943
macOS-Security-and-Privacy-Guide,Python,18201,1305,19506
numpy,Python,17635,5659,23294
celery,Python,17586,4039,21625
CheatSheetSeries,Python,17500,2447,19947
detectron2,Python,17199,4496,21695
cascadia-code,Python,17149,534,17683
spleeter,Python,16891,1774,18665
bitcoinbook,Python,16829,4551,21380
magenta,Python,16771,3467,20238
locust,Python,16577,2180,18757
examples,Python,16520,7682,24202
jumpserver,Python,16356,4256,20612
Awesome-Linux-Software,Python,16192,1645,17837
Paddle,Python,16024,3880,19904
reddit,Python,15788,2881,18669
professional-programming,Python,15683,1417,17100
TensorFlow-Course,Python,15639,3142,18781
poetry,Python,15635,1273,16908
mmdetection,Python,15612,5486,21098
toml,Python,15564,757,16321
pytorch-CycleGAN-and-pix2pix,Python,15405,4634,20039
bokeh,Python,15302,3743,19045
sanic,Python,15128,1373,16501
pyspider,Python,15039,3588,18627
nginx-proxy,Python,14978,2650,17628
cookiecutter,Python,14923,1475,16398
wttr.in,Python,14912,718,15630
ggplot2,R,4981,1748,6729
awesome-R,R,4665,1408,6073
shiny,R,4295,1701,5996
dplyr,R,3775,1372,5147
swirl_courses,R,3703,7000,10703
ML_for_Hackers,R,3604,2256,5860
AnomalyDetection,R,3365,748,4113
r4ds,R,2972,3399,6371
data.table,R,2750,910,3660
awesome-network-analysis,R,2361,509,2870
rmarkdown,R,2160,876,3036
devtools,R,2081,727,2808
knitr,R,2066,821,2887
plotly,R,2007,586,2593
patchwork,R,1900,141,2041
benchm-ml,R,1824,339,2163
nyc-taxi-data,R,1785,546,2331
investing,R,1737,115,1852
gganimate,R,1690,300,1990
DataScienceR,R,1687,856,2543
stats337,R,1622,232,1854
labs,R,1517,1786,3303
mlr,R,1493,389,1882
DiagrammeR,R,1463,232,1695
wesanderson,R,1424,111,1535
rethinking,R,1397,435,1832
rayshader,R,1394,156,1550
blogdown,R,1377,306,1683
tofsims,R,1353,4,1357
caret,R,1346,593,1939
gt,R,1328,129,1457
drake,R,1318,131,1449
reticulate,R,1302,271,1573
CausalImpact,R,1297,228,1525
rvest,R,1271,319,1590
ggstatsplot,R,1231,152,1383
tensorflow,R,1219,318,1537
esquisse,R,1216,160,1376
plumber,R,1201,228,1429
bbplot,R,1168,201,1369
broom,R,1148,283,1431
seurat,R,1141,587,1728
ggthemes,R,1128,213,1341
tidyverse,R,1077,234,1311
rnaseq_tutorial,R,1072,551,1623
tidyr,R,1027,378,1405
janitor,R,1021,100,1121
tidytext,R,988,186,1174
advanced-shiny,R,986,352,1338
purrr,R,976,226,1202
swirl,R,966,588,1554
hrbrthemes,R,934,81,1015
geocompr,R,923,421,1344
forecast,R,918,318,1236
httr,R,905,2012,2917
ggrepel,R,889,84,973
sf,R,885,219,1104
brms,R,878,128,1006
mastering-shiny,R,872,346,1218
lintr,R,861,145,1006
r-source,R,855,237,1092
magrittr,R,851,151,1002
slidify,R,850,352,1202
ggraph,R,848,93,941
readr,R,848,266,1114
statistics-for-data-scientists,R,820,544,1364
sparklyr,R,793,286,1079
r-color-palettes,R,782,93,875
BanditsBook,R,780,254,1034
googlesheets,R,778,199,977
rappor,R,771,157,928
future,R,764,66,830
ggpubr,R,761,120,881
testthat,R,742,287,1029
datapasta,R,734,50,784
text2vec,R,730,120,850
ggthemr,R,727,94,821
MLPB,R,716,279,995
ComplexHeatmap,R,716,154,870
ggvis,R,700,186,886
htmlwidgets,R,700,197,897
ProgrammingAssignment2,R,698,138589,139287
keras,R,698,256,954
perceptions,R,693,85,778
vitae,R,687,116,803
quanteda,R,673,164,837
ggforce,R,673,80,753
tidyquant,R,669,157,826
ggmap,R,668,224,892
circlize,R,665,115,780
pagedown,R,663,102,765
rtweet,R,662,183,845
addinslist,R,662,122,784
SparkR-pkg,R,643,336,979
RStartHere,R,639,230,869
waffle,R,637,82,719
tinytex,R,635,86,721
usethis,R,635,212,847
engsoccerdata,R,634,172,806
opencpu,R,621,107,728
rails,Ruby,48690,19540,68230
jekyll,Ruby,43009,9458,52467
discourse,Ruby,33635,7300,40935
fastlane,Ruby,32592,4937,37529
huginn,Ruby,31808,3025,34833
brew,Ruby,28454,6409,34863
awesome-awesomeness,Ruby,27805,3393,31198
devdocs,Ruby,26086,1742,27828
metasploit-framework,Ruby,24539,11398,35937
mastodon,Ruby,24438,4062,28500
gitlabhq,Ruby,22647,5657,28304
vagrant,Ruby,22243,4109,26352
devise,Ruby,21766,5241,27007
engineering-blogs,Ruby,19266,372,19638
homebrew-cask,Ruby,18376,9230,27606
ruby,Ruby,18271,4847,23118
forem,Ruby,17017,2950,19967
CocoaPods,Ruby,13283,2437,15720
diaspora,Ruby,12766,2920,15686
bootstrap-sass,Ruby,12750,3686,16436
logstash,Ruby,12256,3176,15432
capistrano,Ruby,11899,1765,13664
gollum,Ruby,11531,1544,13075
rubocop,Ruby,11410,2713,14123
sinatra,Ruby,11356,2021,13377
spree,Ruby,11322,4741,16063
quine-relay,Ruby,11230,514,11744
sidekiq,Ruby,11119,1975,13094
tmuxinator,Ruby,10803,608,11411
setup,Ruby,10609,875,11484
postal,Ruby,10580,725,11305
fluentd,Ruby,10395,1189,11584
fpm,Ruby,10023,1003,11026
homebrew-core,Ruby,9549,9471,19020
chatwoot,Ruby,9549,1071,10620
octopress,Ruby,9401,2774,12175
capybara,Ruby,9401,1385,10786
faker,Ruby,9365,2669,12034
grape,Ruby,9340,1193,10533
paperclip,Ruby,9070,2323,11393
bourbon,Ruby,9042,916,9958
activeadmin,Ruby,9030,3212,12242
resque,Ruby,8924,1617,10541
linguist,Ruby,8908,3199,12107
liquid,Ruby,8859,1151,10010
guides,Ruby,8851,1341,10192
carrierwave,Ruby,8649,1606,10255
Learning-SICP,Ruby,8522,1348,9870
whenever,Ruby,8481,708,9189
kaminari,Ruby,7986,1052,9038
simple_form,Ruby,7825,1297,9122
rails_admin,Ruby,7482,2191,9673
omniauth,Ruby,7413,952,8365
pundit,Ruby,7326,563,7889
factory_bot,Ruby,7237,2406,9643
remote-working,Ruby,6999,707,7706
jazzy,Ruby,6960,382,7342
puma,Ruby,6782,1255,8037
middleman,Ruby,6778,729,7507
dotfiles,Ruby,6724,1431,8155
better_errors,Ruby,6717,445,7162
chef,Ruby,6622,2515,9137
github-changelog-generator,Ruby,6500,794,7294
cancan,Ruby,6316,815,7131
bullet,Ruby,6290,366,6656
pry,Ruby,6244,578,6822
puppet,Ruby,6221,2197,8418
nodejs-learning-guide,Ruby,6194,1105,7299
brakeman,Ruby,6152,656,6808
scientist,Ruby,6105,424,6529
paper_trail,Ruby,6099,812,6911
synx,Ruby,6069,285,6354
guard,Ruby,5999,502,6501
pghero,Ruby,5997,343,6340
progit,Ruby,5966,2481,8447
geocoder,Ruby,5906,1136,7042
wpscan,Ruby,5903,1031,6934
dotenv,Ruby,5864,436,6300
chartkick,Ruby,5786,534,6320
css-only-chat,Ruby,5700,266,5966
friendly_id,Ruby,5676,580,6256
searchkick,Ruby,5643,673,6316
will_paginate,Ruby,5594,886,6480
maximum-awesome,Ruby,5550,993,6543
foreman,Ruby,5547,615,6162
hanami,Ruby,5519,493,6012
httparty,Ruby,5410,915,6325
mailcatcher,Ruby,5343,506,5849
how-to-contribute-to-open-source,Ruby,5304,1172,6476
t,Ruby,5301,419,5720
rails-api,Ruby,5207,292,5499
markup,Ruby,5194,3556,8750
webpacker,Ruby,5193,1417,6610
concurrent-ruby,Ruby,5160,368,5528
fast_jsonapi,Ruby,5155,418,5573
administrate,Ruby,5154,948,6102
vcr,Ruby,5139,469,5608
formtastic,Ruby,5130,637,5767
active_model_serializers,Ruby,5112,1368,6480
fast-ruby,Ruby,5094,372,5466
spark,Scala,30329,24193,54522
prisma1,Scala,16858,944,17802
scala,Scala,13392,3050,16442
predictionio,Scala,12511,2020,14531
playframework,Scala,11933,3969,15902
akka,Scala,11659,3407,15066
CMAK,Scala,10174,2320,12494
lila,Scala,9698,1376,11074
gitbucket,Scala,8414,1184,9598
finagle,Scala,7998,1382,9380
bfg-repo-cleaner,Scala,7738,433,8171
snowflake,Scala,6638,1071,7709
ArnoldC,Scala,6261,292,6553
snowplow,Scala,5764,1187,6951
linkerd,Scala,5372,523,5895
openwhisk,Scala,5341,1032,6373
gatling,Scala,5209,1047,6256
fpinscala,Scala,5179,2834,8013
enso,Scala,4841,166,5007
aerosolve,Scala,4752,587,5339
dotty,Scala,4644,762,5406
scalaz,Scala,4481,710,5191
cats,Scala,4407,1092,5499
sbt,Scala,4343,848,5191
chronos,Scala,4294,558,4852
scala-js,Scala,4189,370,4559
marathon,Scala,4015,874,4889
scala-native,Scala,4011,287,4298
diffy,Scala,3773,364,4137
BigDL,Scala,3745,916,4661
delta,Scala,3459,808,4267
scalding,Scala,3308,682,3990
flockdb,Scala,3272,263,3535
CoolplaySpark,Scala,3262,1399,4661
breeze,Scala,3242,698,3940
shapeless,Scala,3166,513,3679
atlas,Scala,2950,243,3193
zio,Scala,2933,867,3800
kestrel,Scala,2787,326,3113
spark-jobserver,Scala,2712,993,3705
lagom,Scala,2555,608,3163
spray,Scala,2539,582,3121
scalatra,Scala,2511,334,2845
util,Scala,2465,533,2998
slick,Scala,2462,588,3050
wire-android,Scala,2453,483,2936
Ammonite,Scala,2397,334,2731
mmlspark,Scala,2375,540,2915
scala-exercises,Scala,2366,517,2883
s3_website,Scala,2261,187,2448
spark-nlp,Scala,2234,465,2699
gizzard,Scala,2207,210,2417
scio,Scala,2161,440,2601
circe,Scala,2157,464,2621
node2vec,Scala,2141,840,2981
summingbird,Scala,2104,260,2364
scaloid,Scala,2099,168,2267
finatra,Scala,2090,381,2471
TheHive,Scala,2087,414,2501
algebird,Scala,2081,304,2385
http4s,Scala,2064,654,2718
Linkis,Scala,2031,673,2704
TransmogrifAI,Scala,2021,366,2387
Spark-The-Definitive-Guide,Scala,2015,2026,4041
chisel3,Scala,1972,353,2325
textteaser,Scala,1950,256,2206
fs2,Scala,1902,499,2401
quill,Scala,1887,283,2170
rocket-chip,Scala,1884,747,2631
XiangShan,Scala,1878,140,2018
sangria,Scala,1837,199,2036
doobie,Scala,1832,311,2143
graphcool-framework,Scala,1804,132,1936
spark-cassandra-connector,Scala,1795,866,2661
coursier,Scala,1794,223,2017
monix,Scala,1792,231,2023
deequ,Scala,1784,331,2115
scalacheck,Scala,1736,374,2110
elasticmq,Scala,1668,152,1820
spire,Scala,1638,238,1876
shadowsocksr-v2ray-trojan-android,Scala,1628,224,1852
giter8,Scala,1616,218,1834
mill,Scala,1591,224,1815
elastic4s,Scala,1557,642,2199
finch,Scala,1542,218,1760
Binding.scala,Scala,1537,105,1642
goose,Scala,1528,340,1868
metals,Scala,1506,209,1715
scalajs-react,Scala,1474,223,1697
C1000K-Servers,Scala,1459,345,1804
aas,Scala,1455,1027,2482
sbt-native-packager,Scala,1448,413,1861
postgresql-async,Scala,1440,220,1660
spark,Scala,1434,388,1822
better-files,Scala,1411,150,1561
grid,Scala,1384,120,1504
Monocle,Scala,1382,195,1577
almond,Scala,1378,214,1592
squbs,Scala,1371,241,1612
refined,Scala,1370,128,1498
awesome,Shell,165548,21141,186689
ohmyzsh,Shell,130394,22389,152783
realworld,Shell,59184,5339,64523
nvm,Shell,49925,5085,55010
papers-we-love,Shell,46570,4069,50639
pi-hole,Shell,31760,2033,33793
og-aws,Shell,29754,3110,32864
pure-bash-bible,Shell,27320,2465,29785
programmer-job-blacklist,Shell,27105,1828,28933
dotfiles,Shell,26622,8606,35228
gitflow,Shell,25125,2590,27715
acme.sh,Shell,22774,3107,25881
streisand,Shell,22495,1962,24457
fonts,Shell,21891,2943,24834
dokku,Shell,21635,1667,23302
iTerm2-Color-Schemes,Shell,19982,5695,25677
powerlevel10k,Shell,18956,972,19928
hacker-laws,Shell,17818,1118,18936
zsh-autosuggestions,Shell,17817,1065,18882
fish-shell,Shell,17104,1448,18552
setup-ipsec-vpn,Shell,16016,4404,20420
core,Shell,15953,4108,20061
git-extras,Shell,14952,1131,16083
Docker-OSX,Shell,14938,698,15636
spaceship-prompt,Shell,14797,856,15653
n,Shell,14792,677,15469
v2ray,Shell,14374,12558,26932
Hack,Shell,14296,540,14836
interview_python,Shell,14182,5320,19502
openvpn-install,Shell,13485,3605,17090
rbenv,Shell,13476,1268,14744
vscodium,Shell,13425,499,13924
graphql-spec,Shell,13382,1061,14443
z,Shell,13260,1063,14323
powerlevel9k,Shell,13171,973,14144
bash-it,Shell,12368,2200,14568
nginx-admins-handbook,Shell,12245,964,13209
zsh-syntax-highlighting,Shell,12192,890,13082
prezto,Shell,12189,4425,16614
neofetch,Shell,12085,837,12922
awesome-kubernetes,Shell,11781,1852,13633
docker-elk,Shell,11538,4846,16384
dotfiles,Shell,11296,12410,23706
asdf,Shell,11271,450,11721
macOS-Simple-KVM,Shell,11051,935,11986
nsfw_data_scraper,Shell,10848,2772,13620
kaldi,Shell,10603,4625,15228
azure-quickstart-templates,Shell,10597,13106,23703
pure,Shell,10429,864,11293
ievms,Shell,10012,518,10530
terminals-are-sexy,Shell,10006,547,10553
Command-line-text-processing,Shell,9615,676,10291
ansible-examples,Shell,9472,5681,15153
awesome-zsh-plugins,Shell,9460,424,9884
git-secrets,Shell,9207,818,10025
RetroPie-Setup,Shell,9158,1305,10463
bashtop,Shell,8949,453,9402
awesome-raspberry-pi,Shell,8795,812,9607
movies-for-hackers,Shell,8725,826,9551
babun,Shell,8719,569,9288
kubernetes-handbook,Shell,8718,2496,11214
distributions,Shell,8713,2184,10897
lynis,Shell,8641,1077,9718
rabbitmq-server,Shell,8541,3237,11778
m-cli,Shell,8475,303,8778
caffe2,Shell,8431,2048,10479
boot2docker,Shell,8404,1294,9698
jsproxy,Shell,8396,3212,11608
TabNine,Shell,8375,353,8728
Bash-Snippets,Shell,8373,754,9127
bocker,Shell,8198,597,8795
tmux-resurrect,Shell,8175,296,8471
baseimage-docker,Shell,8167,1066,9233
Mac-CLI,Shell,8093,327,8420
laptop,Shell,8082,1865,9947
spinnaker,Shell,7935,1099,9034
git-blame-someone-else,Shell,7814,211,8025
crouton,Shell,7784,1111,8895
paperwork,Shell,7761,689,8450
Linux-Tutorial,Shell,7628,2423,10051
perf-tools,Shell,7611,1328,8939
owasp-mstg,Shell,7587,1620,9207
shadowsocks_install,Shell,7495,4759,12254
oh-my-fish,Shell,7481,637,8118
docker-mailserver,Shell,7432,1140,8572
macos-virtualbox,Shell,7365,682,8047
awesome-cheatsheets,Shell,7338,1483,8821
tpm,Shell,7215,261,7476
git-standup,Shell,6937,272,7209
bats,Shell,6935,515,7450
docker-bench-security,Shell,6889,771,7660
docker-gitlab,Shell,6876,1872,8748
super-linter,Shell,6834,660,7494
docker-openvpn,Shell,6756,1793,8549
dotfiles,Shell,6666,1783,8449
antigen,Shell,6627,253,6880
Xray_onekey,Shell,6593,3128,9721
takeover.sh,Shell,6559,336,6895
openvpn-install,Shell,6499,1662,8161
oss-fuzz,Shell,6480,1314,7794
awesome-ios,Swift,37923,6316,44239
Alamofire,Swift,35963,6762,42725
ShadowsocksX-NG,Swift,29589,7846,37435
open-source-ios-apps,Swift,27723,4442,32165
iina,Swift,27427,2038,29465
open-source-mac-os-apps,Swift,26440,1758,28198
swift-algorithm-club,Swift,25126,4455,29581
Charts,Swift,24421,4917,29338
lottie-ios,Swift,21786,3148,24934
awesome-swift,Swift,20931,2850,23781
SwiftyJSON,Swift,20706,3236,23942
vapor,Swift,20475,1260,21735
RxSwift,Swift,20331,3695,24026
Hero,Swift,20174,1633,21807
ReactiveCocoa,Swift,19987,3565,23552
Aerial,Swift,19335,995,20330
Kingfisher,Swift,18634,2068,20702
SnapKit,Swift,17672,1741,19413
SwiftGuide,Swift,15516,3633,19149
SwiftLint,Swift,14962,1769,16731
Carthage,Swift,14367,1544,15911
Perfect,Swift,13884,968,14852
Spring,Swift,13876,1771,15647
PromiseKit,Swift,13484,1385,14869
Moya,Swift,13164,1699,14863
clashX,Swift,12847,1722,14569
Design-Patterns-In-Swift,Swift,12835,1497,14332
Material,Swift,11794,1279,13073
Rectangle,Swift,11627,306,11933
Eureka,Swift,11207,1297,12504
30DaysofSwift,Swift,11183,2065,13248
animated-tab-bar,Swift,10793,1362,12155
firefox-ios,Swift,10378,2394,12772
SkeletonView,Swift,10326,877,11203
folding-cell,Swift,9981,1160,11141
SwifterSwift,Swift,9948,1278,11226
NVActivityIndicatorView,Swift,9866,1057,10923
FlappySwift,Swift,9341,2583,11924
Amethyst,Swift,9326,340,9666
pock,Swift,9234,366,9600
Quick,Swift,9168,848,10016
ObjectMapper,Swift,8785,992,9777
CryptoSwift,Swift,8598,988,9586
IBAnimatable,Swift,8549,788,9337
AudioKit,Swift,8519,1321,9840
Signal-iOS,Swift,8497,2228,10725
swift-package-manager,Swift,8388,1065,9453
mas,Swift,8246,200,8446
MonitorControl,Swift,8222,283,8505
R.swift,Swift,8143,576,8719
WWDC,Swift,8067,716,8783
ios-oss,Swift,7724,1147,8871
SQLite.swift,Swift,7660,1301,8961
LTMorphingLabel,Swift,7600,786,8386
Kitura,Swift,7512,491,8003
Lona,Swift,7419,251,7670
Reachability.swift,Swift,7301,840,8141
Cartography,Swift,7250,532,7782
SwiftGen,Swift,7219,554,7773
Awesome-ARKit,Swift,6981,825,7806
JTAppleCalendar,Swift,6970,702,7672
ReSwift,Swift,6944,483,7427
Starscream,Swift,6882,905,7787
Mos,Swift,6821,290,7111
Swift-30-Projects,Swift,6810,1588,8398
swift-nio,Swift,6583,505,7088
XLPagerTabStrip,Swift,6565,1209,7774
gitignore.io,Swift,6464,513,6977
SwiftDate,Swift,6432,642,7074
KeychainAccess,Swift,6400,617,7017
ViewAnimator,Swift,6313,453,6766
Nuke,Swift,6172,375,6547
SwiftMessages,Swift,6137,623,6760
Sourcery,Swift,6099,451,6550
AMScrollingNavbar,Swift,6039,617,6656
FSPagerView,Swift,5977,762,6739
Yep,Swift,5952,1286,7238
eul,Swift,5918,214,6132
Swift-AI,Swift,5839,559,6398
MovieSwiftUI,Swift,5705,527,6232
About-SwiftUI,Swift,5663,545,6208
Macaw,Swift,5658,500,6158
SwipeCellKit,Swift,5630,696,6326
SwiftyStoreKit,Swift,5617,645,6262
TextFieldEffects,Swift,5584,606,6190
SwiftEntryKit,Swift,5510,432,5942
LoginCritter,Swift,5481,360,5841
expanding-collection,Swift,5420,556,5976
Gifski,Swift,5370,210,5580
androidtool-mac,Swift,5360,323,5683
AltStore,Swift,5308,378,5686
vimr,Swift,5287,166,5453
iOS-Developer-Roadmap,Swift,5270,1209,6479
SwiftyBeaver,Swift,5255,407,5662
ScrollableGraphView,Swift,5222,460,5682
PageMenu,Swift,5179,915,6094
SwiftLanguageWeather,Swift,5178,1220,6398
alerts-and-pickers,Swift,5155,664,5819
SideMenu,Swift,5136,653,5789
SCLAlertView-Swift,Swift,5132,759,5891
deeplearningbook-chinese,TeX,31357,8826,40183
libpku,TeX,23863,7319,31182
awesome-deep-learning-papers,TeX,23039,4405,27444
Awesome-CV,TeX,13904,3422,17326
PlotNeuralNet,TeX,13365,1854,15219
tensorflow-zh,TeX,12149,4308,16457
conv_arithmetic,TeX,10638,1931,12569
leetcode,TeX,9888,3300,13188
os01,TeX,9306,585,9891
milewski-ctfp-pdf,TeX,8574,461,9035
mtheme,TeX,5025,703,5728
resume,TeX,4592,1678,6270
gt-nlp-class,TeX,4439,1000,5439
draft,TeX,4422,648,5070
AlgoXY,TeX,4182,620,4802
machine-learning-cheat-sheet,TeX,4065,866,4931
Deedy-Resume,TeX,3874,1051,4925
pandoc-latex-template,TeX,3373,607,3980
cwa-documentation,TeX,3371,346,3717
vimtex,TeX,3341,293,3634
thuthesis,TeX,3114,917,4031
cheatsheets,TeX,2961,1004,3965
tensorflow-internals,TeX,2626,554,3180
MathModel,TeX,2604,1045,3649
Data-Science-Cheatsheet,TeX,2506,318,2824
NRLPapers,TeX,2471,664,3135
resume,TeX,2375,869,3244
ucasthesis,TeX,2237,701,2938
SJTUThesis,TeX,2211,658,2869
probability_cheatsheet,TeX,2202,567,2769
awesome-deep-learning-music,TeX,2113,308,2421
MTBook,TeX,2107,766,2873
MT-Reading-List,TeX,2040,419,2459
transferlearning-tutorial,TeX,2022,414,2436
ixy-languages,TeX,1978,52,2030
stat-cookbook,TeX,1955,322,2277
adv-r,TeX,1937,1609,3546
Data-Science-Cheatsheet,TeX,1792,494,2286
the-little-go-book,TeX,1791,220,2011
CleverAlgorithms,TeX,1777,315,2092
BDA_course_Aalto,TeX,1710,419,2129
ThinkPython2,TeX,1703,1178,2881
book,TeX,1638,314,1952
acm-cheat-sheet,TeX,1620,535,2155
cs224n-winter17-notes,TeX,1536,449,1985
cphb,TeX,1519,208,1727
ThinkBayes,TeX,1519,1892,3411
the-little-mongodb-book,TeX,1443,361,1804
riscv-isa-manual,TeX,1428,307,1735
language,TeX,1419,111,1530
redisbook,TeX,1411,399,1810
Technical_Book_DL,TeX,1404,114,1518
KRLPapers,TeX,1385,238,1623
moderncv,TeX,1372,374,1746
minted,TeX,1366,114,1480
the-little-redis-book,TeX,1360,506,1866
Deep-Learning-for-Medical-Applications,TeX,1327,482,1809
unplugged,TeX,1239,101,1340
latex3,TeX,1234,116,1350
latexcv,TeX,1202,327,1529
tufte-latex,TeX,1201,231,1432
LaTeX-Template-Cn,TeX,1180,832,2012
dlbook_notation,TeX,1171,273,1444
DAO,TeX,1166,361,1527
texlive.js,TeX,1159,127,1286
owasp-masvs,TeX,1145,323,1468
pandoc_resume,TeX,1123,574,1697
awesome-NeRF,TeX,1111,102,1213
yellowpaper,TeX,1104,390,1494
LaTeX-examples,TeX,1101,352,1453
nndl,TeX,1049,315,1364
dlbook_exercises,TeX,1021,283,1304
tidy-text-mining,TeX,1005,686,1691
sicp,TeX,994,67,1061
cosmos,TeX,990,208,1198
cv-boilerplate,TeX,981,124,1105
byrne-euclid,TeX,980,81,1061
rticles,TeX,977,448,1425
latex2e,TeX,973,152,1125
Russian-Phd-LaTeX-Dissertation-Template,TeX,972,499,1471
the-turing-way,TeX,967,364,1331
DeepLearning,TeX,965,286,1251
Note-by-LaTeX,TeX,964,168,1132
ods,TeX,958,217,1175
mcdowell-cv,TeX,951,446,1397
DND-5e-LaTeX-Template,TeX,937,218,1155
awk,TeX,929,222,1151
latex-template-collection,TeX,924,235,1159
ElegantBook,TeX,917,194,1111
scigen,TeX,899,223,1122
NREPapers,TeX,892,149,1041
oi-slides,TeX,881,193,1074
gobook,TeX,878,99,977
latex-mimosis,TeX,873,86,959
G.E.R.T,TeX,871,31,902
ustcthesis,TeX,834,281,1115
zjuthesis,TeX,829,194,1023
Algo-Quicksheet,TeX,828,78,906
applied-methods-phd,TeX,825,182,1007
cleanthesis,TeX,796,96,892
neovim,Vim script,45507,3312,48819
vimrc,Vim script,24866,6607,31473
vim,Vim script,24248,3635,27883
vim-plug,Vim script,23954,1468,25422
Vundle.vim,Vim script,22416,2503,24919
SpaceVim,Vim script,16926,1330,18256
coc.nvim,Vim script,16721,650,17371
nerdtree,Vim script,15556,1322,16878
vim-airline,Vim script,15335,1035,16370
spf13-vim,VimL,15115,3760,18875
solarized,Vim script,14868,3543,18411
vim-fugitive,Vim script,14522,862,15384
vim-go,Vim script,13572,1351,14923
vim-galore,Vim script,12050,520,12570
vim-pathogen,Vim script,11639,1209,12848
ale,Vim script,11001,1229,12230
syntastic,Vim script,10889,1140,12029
til,Vim script,9703,572,10275
vim-surround,Vim script,9555,382,9937
gruvbox,Vim script,9406,922,10328
use_vim_as_ide,VimL,8935,2414,11349
vim-galore-zh_cn,Vim script,8148,1263,9411
janus,Vim script,7868,835,8703
vim-multiple-cursors,Vim script,7644,247,7891
vim-gitgutter,Vim script,7116,270,7386
ctrlp.vim,VimL,7005,654,7659
fzf.vim,Vim script,6871,474,7345
vimwiki,Vim script,6568,515,7083
macvim,Vim script,6519,621,7140
vim-colors-solarized,VimL,6223,1776,7999
vim-easymotion,Vim script,5941,318,6259
emmet-vim,Vim script,5617,405,6022
lightline.vim,Vim script,5570,277,5847
python-mode,Vim script,5231,886,6117
tagbar,Vim script,5118,445,5563
vim.wasm,Vim script,4800,110,4910
k-vim,Vim script,4800,1869,6669
vim-polyglot,Vim script,4449,256,4705
vim-sensible,Vim script,4340,269,4609
nerdcommenter,Vim script,4281,410,4691
vim-startify,Vim script,4205,157,4362
vim-devicons,Vim script,4165,211,4376
vim,Vim script,4125,2952,7077
vim-commentary,Vim script,4002,188,4190
vim-rails,Vim script,3861,378,4239
vim-markdown,Vim script,3796,456,4252
goyo.vim,Vim script,3746,103,3849
vim-javascript,Vim script,3612,362,3974
indentLine,Vim script,3507,201,3708
vim-tmux-navigator,Vim script,3445,215,3660
vim-easy-align,Vim script,3361,88,3449
molokai,VimL,3284,1639,4923
auto-pairs,Vim script,3272,329,3601
vim-colorschemes,Vim script,3142,621,3763
vimplus,Vim script,3136,1014,4150
dein.vim,Vim script,3003,163,3166
supertab,Vim script,2948,205,3153
CoVim,Vim script,2945,98,3043
vim-powerline,VimL,2889,396,3285
onedark.vim,Vim script,2879,429,3308
ack.vim,Vim script,2874,381,3255
unite.vim,Vim script,2832,230,3062
space-vim,Vim script,2734,265,2999
flatland,Vim script,2726,190,2916
neocomplete.vim,Vim script,2715,208,2923
rust.vim,Vim script,2677,243,2920
editorconfig-vim,Vim script,2635,113,2748
vim-unimpaired,Vim script,2574,187,2761
vim-instant-markdown,Vim script,2472,241,2713
neomake,Vim script,2468,370,2838
vim-indent-guides,Vim script,2427,151,2578
codi.vim,Vim script,2381,69,2450
vim-sneak,Vim script,2301,64,2365
vim-signify,Vim script,2280,96,2376
vim-dispatch,Vim script,2272,129,2401
neobundle.vim,Vim script,2270,166,2436
vimspector,Vim script,2263,110,2373
tabular,Vim script,2239,141,2380
dotfiles,VimL,2191,847,3038
dot-vimrc,VimL,2181,787,2968
vim-test,Vim script,2116,276,2392
dotfiles,Vim script,2088,324,2412
vim-dadbod,Vim script,2080,50,2130
snipmate.vim,VimL,2056,768,2824
vim-lsp,Vim script,2049,225,2274
vim-go-tutorial,Vim script,2043,199,2242
vim-abolish,Vim script,2031,68,2099
targets.vim,Vim script,1973,43,2016
limelight.vim,Vim script,1967,43,2010
vim-autoformat,Vim script,1929,160,2089
vimux,Vim script,1924,156,2080
vim-repeat,Vim script,1907,67,1974
papercolor-theme,Vim script,1887,172,2059
vim-as-an-ide,VimL,1887,166,2053
vim-gutentags,Vim script,1886,137,2023
nerdtree-git-plugin,Vim script,1863,144,2007
vim-ruby,Vim script,1856,292,2148
undotree,Vim script,1830,71,1901
delimitMate,Vim script,1824,116,1940
dotfiles,Vim script,1818,414,2232
